{
"skeleton": {
	"hash": "4JK7uGWbzO7qeQSyyuOyKLXQ5oI",
	"spine": "3.3.07",
	"width": 868,
	"height": 322,
	"images": "C:\\Users\\John Eric\\Desktop\\old exports"
},
"bones": [
	{ "name": "root" },
	{ "name": "L_Eye", "parent": "root", "x": -223.18, "y": 2.99 },
	{ "name": "R_Eye", "parent": "root", "x": 237.32, "y": 6.4 }
],
"slots": [
	{ "name": "EyeWhite", "bone": "root", "attachment": "EyeWhite" },
	{ "name": "R_Eye", "bone": "R_Eye", "attachment": "R_Eye" },
	{ "name": "L_Eye", "bone": "L_Eye", "attachment": "L_Eye" },
	{ "name": "EyeLines", "bone": "root", "attachment": "EyeLines" }
],
"skins": {
	"default": {
		"EyeLines": {
			"EyeLines": { "y": 28, "width": 868, "height": 322 }
		},
		"EyeWhite": {
			"EyeWhite": { "x": 3, "y": 2, "width": 700, "height": 148 }
		},
		"L_Eye": {
			"L_Eye": { "x": -0.82, "y": 2, "width": 148, "height": 148 }
		},
		"R_Eye": {
			"R_Eye": { "x": 0.67, "y": -1.4, "width": 148, "height": 148 }
		}
	}
}
}