{
"skeleton": { "hash": "P7CQ4ImK+tcAICATgSttlZ5HOSM", "spine": "3.3.07", "width": 266.93, "height": 349.6, "images": "./images/" },
"bones": [
	{ "name": "root" },
	{ "name": "hip", "parent": "root", "x": 0.64, "y": 114.41 },
	{ "name": "torso", "parent": "hip", "length": 85.82, "rotation": 93.92, "x": -6.42, "y": 1.97 },
	{ "name": "neck", "parent": "torso", "length": 18.38, "rotation": -1.51, "x": 81.67, "y": -6.34 },
	{ "name": "head", "parent": "neck", "length": 68.28, "rotation": -13.92, "x": 20.93, "y": 11.59 },
	{ "name": "left shoulder", "parent": "torso", "length": 35.43, "rotation": -156.96, "x": 74.04, "y": -20.38 },
	{ "name": "left arm", "parent": "left shoulder", "length": 35.62, "rotation": 28.16, "x": 37.85, "y": -2.34 },
	{ "name": "left upper leg", "parent": "hip", "length": 50.39, "rotation": -89.09, "x": 14.45, "y": 2.81 },
	{ "name": "left lower leg", "parent": "left upper leg", "length": 49.89, "rotation": -16.65, "x": 56.34, "y": 0.98 },
	{ "name": "left foot", "parent": "left lower leg", "length": 46.5, "rotation": 102.43, "x": 58.94, "y": -7.61 },
	{ "name": "left hand", "parent": "left arm", "length": 11.52, "rotation": 2.7, "x": 35.62, "y": 0.07 },
	{ "name": "pelvis", "parent": "hip", "x": 1.41, "y": -6.57 },
	{ "name": "right shoulder", "parent": "torso", "length": 37.24, "rotation": 133.88, "x": 76.02, "y": 18.14 },
	{ "name": "right arm", "parent": "right shoulder", "length": 36.74, "rotation": 36.32, "x": 37.6, "y": 0.31 },
	{ "name": "right upper leg", "parent": "hip", "length": 42.45, "rotation": -97.49, "x": -20.07, "y": -6.83 },
	{ "name": "right lower leg", "parent": "right upper leg", "length": 58.52, "rotation": -14.34, "x": 42.99, "y": -0.61 },
	{ "name": "right foot", "parent": "right lower leg", "length": 45.45, "rotation": 110.3, "x": 64.88, "y": 0.04 },
	{ "name": "right hand", "parent": "right arm", "length": 15.32, "rotation": 2.35, "x": 36.9, "y": 0.34 },
	{ "name": "spear1", "parent": "left hand", "length": 65.06, "rotation": 102.43, "x": 0.48, "y": 17.03 },
	{ "name": "spear2", "parent": "spear1", "length": 61.41, "rotation": 0.9, "x": 65.05, "y": 0.04 },
	{ "name": "spear3", "parent": "spear2", "length": 76.79, "rotation": -0.9, "x": 61.88, "y": 0.57 }
],
"slots": [
	{ "name": "left shoulder", "bone": "left shoulder", "attachment": "left shoulder" },
	{ "name": "left arm", "bone": "left arm", "attachment": "left arm" },
	{ "name": "left hand item", "bone": "left hand", "attachment": "spear" },
	{ "name": "left hand", "bone": "left hand", "attachment": "left hand" },
	{ "name": "left foot", "bone": "left foot", "attachment": "left foot" },
	{ "name": "left lower leg", "bone": "left lower leg", "attachment": "left lower leg" },
	{ "name": "left upper leg", "bone": "left upper leg", "attachment": "left upper leg" },
	{ "name": "neck", "bone": "neck", "attachment": "neck" },
	{ "name": "torso", "bone": "torso", "attachment": "torso" },
	{ "name": "pelvis", "bone": "pelvis", "attachment": "pelvis" },
	{ "name": "right foot", "bone": "right foot", "attachment": "right foot" },
	{ "name": "right lower leg", "bone": "right lower leg", "attachment": "right lower leg" },
	{ "name": "undie straps", "bone": "pelvis", "attachment": "undie straps" },
	{ "name": "undies", "bone": "pelvis", "attachment": "undies" },
	{ "name": "right upper leg", "bone": "right upper leg", "attachment": "right upper leg" },
	{ "name": "head", "bone": "head", "attachment": "head" },
	{ "name": "eyes", "bone": "head" },
	{ "name": "right shoulder", "bone": "right shoulder", "attachment": "right shoulder" },
	{ "name": "right arm", "bone": "right arm", "attachment": "right arm" },
	{ "name": "right hand thumb", "bone": "right hand", "attachment": "right hand thumb" },
	{ "name": "right hand item", "bone": "right hand", "attachment": "dagger" },
	{ "name": "right hand", "bone": "right hand", "attachment": "right hand" },
	{ "name": "right hand item 2", "bone": "right hand", "attachment": "shield" }
],
"skins": {
	"default": {
		"left hand item": {
			"dagger": { "x": 7.88, "y": -23.45, "rotation": 10.47, "width": 26, "height": 108 },
			"spear": {
				"type": "mesh",
				"uvs": [ 1, 0.11236, 0.77096, 0.13278, 0.76608, 0.21781, 0.75642, 0.386, 0.74723, 0.54607, 0.72117, 1, 0.28838, 1, 0.24208, 0.54327, 0.22589, 0.38361, 0.2089, 0.21605, 0.20043, 0.13242, 0, 0.11519, 0.4527, 0, 0.58399, 0 ],
				"triangles": [ 4, 7, 3, 6, 7, 4, 5, 6, 4, 10, 11, 12, 1, 13, 0, 12, 13, 1, 10, 12, 1, 9, 10, 1, 2, 9, 1, 8, 9, 2, 3, 8, 2, 7, 8, 3 ],
				"vertices": [ 1, 20, 38.54, -10.88, 1, 1, 20, 30.97, -5.93, 1, 2, 19, 61.48, -5.58, 0.5116, 20, -0.31, -6.16, 0.48839, 2, 18, 64.73, -5.03, 0.50272, 19, -0.4, -5.06, 0.49728, 1, 10, 4.56, 23.91, 1, 1, 10, 41.7, -138.95, 1, 1, 10, 32.41999, -141.1, 1, 1, 10, -6.49, 22.4, 1, 2, 18, 65.48, 6.64, 0.50272, 19, 0.52999, 6.59, 0.49728, 2, 19, 62.18, 6.66, 0.5116, 20, 0.2, 6.09, 0.48839, 1, 20, 30.96, 6.61, 1, 1, 20, 37.25999, 11.09, 1, 1, 20, 79.75, 1.59, 1, 1, 20, 79.78, -1.29, 1 ],
				"hull": 14,
				"edges": [ 24, 22, 22, 20, 10, 12, 2, 0, 24, 26, 0, 26, 8, 10, 12, 14, 6, 8, 14, 16, 2, 4, 4, 6, 16, 18, 18, 20, 20, 2 ],
				"width": 22,
				"height": 368
			}
		},
		"right hand item": {
			"dagger": {
				"type": "mesh",
				"uvs": [ 0.78091, 0.38453, 1, 0.38405, 1, 0.44881, 0.73953, 0.4687, 0.74641, 0.81344, 0.34022, 1, 0.15434, 1, 0.11303, 0.78858, 0.23007, 0.47367, 0, 0.45047, 0, 0.38621, 0.22367, 0.38573, 0.24384, 0, 1, 0 ],
				"triangles": [ 0, 12, 13, 11, 12, 0, 0, 1, 2, 9, 10, 11, 3, 11, 0, 3, 0, 2, 8, 11, 3, 9, 11, 8, 5, 6, 7, 4, 5, 8, 4, 8, 3, 5, 7, 8 ],
				"vertices": [ 15.49, -12.82, 21.13, -13.57, 20.16, -20.49, 13.15, -21.67, 8.13, -58.56, -5.13, -77.04, -9.92, -76.36, -7.79, -53.6, -0.03, -20.36, -5.6, -17.04, -4.63, -10.17, 1.12, -10.93, 7.46, 30.24, 26.93, 27.49 ],
				"hull": 14,
				"edges": [ 22, 20, 24, 26, 22, 24, 2, 0, 0, 22, 0, 26, 12, 14, 14, 16, 18, 20, 16, 18, 2, 4, 4, 6, 6, 8, 10, 12, 8, 10 ],
				"width": 26,
				"height": 108
			}
		},
		"right hand item 2": {
			"shield": { "rotation": 93.49, "width": 70, "height": 72 }
		}
	},
	"goblin": {
		"eyes": {
			"eyes closed": { "name": "goblin/eyes-closed", "x": 29.19, "y": -24.89, "rotation": -88.92, "width": 34, "height": 12 }
		},
		"head": {
			"head": {
				"name": "goblin/head",
				"type": "mesh",
				"uvs": [ 0, 0.60494, 0.14172, 0.5145, 0.24218, 0.55229, 0.32667, 0.67806, 0.37969, 0.79352, 0.53505, 0.93014, 0.86056, 1, 0.94071, 0.94169, 0.92098, 0.69923, 0.9888, 0.65497, 0.99003, 0.51643, 0.89632, 0.43561, 0.94487, 0.41916, 1, 0.39713, 1, 0.2836, 0.94017, 0.27027, 0.87906, 0.25666, 0.80754, 0.16044, 0.66698, 0.01997, 0.4734, 0.01805, 0.29215, 0.19893, 0.25392, 0.31823, 0.09117, 0.324, 0, 0.44331, 0.43271, 0.69153, 0.466, 0.47794, 0.35996, 0.31246, 0.73473, 0.68593, 0.72215, 0.57425, 0.88179, 0.5583, 0.80267, 0.51015 ],
				"triangles": [ 5, 27, 6, 7, 27, 8, 7, 6, 27, 4, 24, 5, 5, 24, 27, 4, 3, 24, 27, 29, 8, 8, 29, 9, 24, 28, 27, 24, 25, 28, 24, 3, 25, 29, 28, 30, 29, 27, 28, 25, 2, 26, 25, 3, 2, 9, 29, 10, 0, 23, 1, 28, 25, 30, 29, 11, 10, 29, 30, 11, 2, 21, 26, 2, 1, 21, 23, 22, 1, 1, 22, 21, 30, 16, 11, 30, 17, 16, 30, 25, 17, 17, 26, 18, 18, 26, 19, 26, 17, 25, 11, 15, 12, 11, 16, 15, 12, 15, 13, 15, 14, 13, 21, 20, 26, 26, 20, 19 ],
				"vertices": [ 14.56, 50.42, 23.12, 35.47, 17.45999, 26.36, 11.57, 16.86, 3.74, 11.71, -5.89, -3.91, -11.83, -37.23, -8.31, -45.63, 7.75, -44.24, 10.39, -51.33, 19.52, -51.82, 25.21, -43.15, 26.12, -47.43, 27.35, -53.16, 34.84, -53.46, 35.96, -47.33, 37.11, -41.08, 43.75, -33.97, 53.58, -19.87, 54.5, 0.03, 43.31, 19.16, 35.59999, 23.41, 35.89, 40.16999, 28.39, 49.87, 10.25, 5.99, 24.2, 2, 35.55, 12.48, 9.39, -25.1, 16.79999, -24.31, 17.2, -40.65, 20.68, -33.02 ],
				"hull": 24,
				"edges": [ 0, 2, 6, 8, 8, 10, 10, 12, 12, 14, 14, 16, 16, 18, 18, 20, 20, 22, 26, 28, 32, 34, 34, 36, 36, 38, 38, 40, 40, 42, 42, 44, 44, 46, 0, 46, 6, 48, 48, 50, 50, 52, 52, 42, 2, 4, 4, 6, 4, 52, 2, 44, 22, 32, 22, 24, 24, 26, 28, 30, 30, 32, 24, 30, 16, 54, 54, 56, 20, 58, 58, 54, 16, 58, 22, 60, 60, 56, 58, 60 ],
				"width": 103,
				"height": 66
			}
		},
		"left arm": {
			"left arm": {
				"name": "goblin/left-arm",
				"type": "mesh",
				"uvs": [ 0.68992, 0.29284, 1, 0.46364, 1, 0.74643, 0.84089, 1, 0.66344, 1, 0.33765, 0.64284, 0, 0.44124, 0, 0, 0.34295, 0 ],
				"triangles": [ 3, 4, 2, 4, 5, 2, 5, 0, 2, 0, 1, 2, 0, 5, 8, 5, 6, 8, 6, 7, 8 ],
				"vertices": [ 18.6, 8.81, 32.18999, 10.31, 38.02, 1.62, 38.08, -9.63, 32.31, -13.49, 14.37, -9.62, -0.75, -10.78, -9.84, 2.77, 1.29, 10.25 ],
				"hull": 9,
				"edges": [ 14, 16, 16, 0, 0, 2, 2, 4, 6, 4, 6, 8, 8, 10, 12, 14, 10, 12 ],
				"width": 37,
				"height": 35
			}
		},
		"left foot": {
			"left foot": {
				"name": "goblin/left-foot",
				"type": "mesh",
				"uvs": [ 0.15733, 0.31873, 0.08195, 0.78502, 0.15884, 0.99366, 0.41633, 0.96804, 0.68822, 0.97636, 1, 0.96388, 0.99385, 0.73501, 0.85294, 0.51862, 0.61479, 0.31056, 0.46991, 0, 0.48032, 0.75604, 0.75994, 0.77706 ],
				"triangles": [ 0, 9, 8, 10, 0, 8, 10, 8, 7, 11, 10, 7, 11, 7, 6, 1, 0, 10, 11, 6, 5, 3, 1, 10, 4, 10, 11, 4, 11, 5, 3, 10, 4, 2, 1, 3 ],
				"vertices": [ 2.28, 13.07, -1.76, -1.64, 3.59, -7.8, 20.25, -6.04, 37.91, -5.27, 58.12, -3.71, 57.31, 3.34, 47.78, 9.51, 31.95, 15.05, 21.99, 24.11, 24.03, 0.75, 42.21, 1.16 ],
				"hull": 10,
				"edges": [ 0, 2, 2, 4, 4, 6, 6, 8, 8, 10, 10, 12, 12, 14, 14, 16, 16, 18, 0, 18, 6, 20, 20, 16, 2, 20, 8, 22, 22, 14, 20, 22, 22, 10 ],
				"width": 65,
				"height": 31
			}
		},
		"left hand": {
			"left hand": {
				"name": "goblin/left-hand",
				"type": "mesh",
				"uvs": [ 0.518, 0.12578, 1, 0.16285, 0.99788, 0.50578, 0.69745, 1, 0.37445, 1, 0, 0.80051, 0, 0.42792, 0.17601, 0, 0.43567, 0 ],
				"triangles": [ 2, 0, 1, 0, 5, 6, 6, 7, 0, 0, 7, 8, 3, 4, 0, 4, 5, 0, 2, 3, 0 ],
				"vertices": [ -3.11, 15.42, 10.83, 22.27, 15.5, 14.55, 18.35, -8.96, 9.47999, -14.32, -4.58, -14.3, -11.63, -2.63, -14.89, 13.68, -7.75, 17.99 ],
				"hull": 9,
				"edges": [ 16, 0, 0, 2, 2, 4, 4, 6, 6, 8, 8, 10, 10, 12, 14, 16, 12, 14 ],
				"width": 36,
				"height": 41
			}
		},
		"left lower leg": {
			"left lower leg": {
				"name": "goblin/left-lower-leg",
				"type": "mesh",
				"uvs": [ 0.95508, 0.20749, 0.81927, 0.65213, 0.94754, 0.77308, 0.67842, 0.97346, 0.46463, 1, 0.26845, 1, 0.04963, 0.90706, 0.2106, 0.60115, 0.07478, 0.40195, 0.18545, 0, 0.28857, 0 ],
				"triangles": [ 10, 8, 9, 1, 7, 10, 7, 8, 10, 0, 1, 10, 1, 4, 7, 3, 1, 2, 5, 6, 7, 7, 4, 5, 1, 3, 4 ],
				"vertices": [ -0.19, 6.82, 30.97, 10.96, 37.97, 17.33, 53.88, 12.6, 57.58, 6.31, 59.34, 0.08, 55.04, -8.63, 32.99, -9.33, 20.79, -17.43, -7.27, -21.56, -8.18999, -18.29 ],
				"hull": 11,
				"edges": [ 20, 0, 0, 2, 2, 4, 4, 6, 6, 8, 8, 10, 10, 12, 12, 14, 14, 16, 18, 20, 16, 18 ],
				"width": 33,
				"height": 70
			}
		},
		"left shoulder": {
			"left shoulder": {
				"name": "goblin/left-shoulder",
				"type": "mesh",
				"uvs": [ 0.7377, 0.40692, 1, 0.75237, 1, 1, 0.62046, 1, 0.26184, 0.56601, 0, 0.29783, 0, 0, 0.44115, 0 ],
				"triangles": [ 3, 1, 2, 3, 0, 1, 3, 4, 0, 4, 7, 0, 4, 5, 7, 5, 6, 7 ],
				"vertices": [ 15.18, 5.74, 32.16999, 5.32, 41.79, 0.21, 36.63, -9.5, 14.88, -9.72, 0.9, -10.89, -10.66, -4.73999, -4.66, 6.54 ],
				"hull": 8,
				"edges": [ 12, 14, 14, 0, 4, 2, 0, 2, 4, 6, 6, 8, 10, 12, 8, 10 ],
				"width": 29,
				"height": 44
			}
		},
		"left upper leg": {
			"left upper leg": {
				"name": "goblin/left-upper-leg",
				"type": "mesh",
				"uvs": [ 1, 0.12167, 1, 0.54873, 0.91067, 0.78907, 0.76567, 1, 0.3087, 0.9579, 0, 0.68777, 0, 0.219, 0.51961, 0, 0.87552, 0 ],
				"triangles": [ 7, 8, 0, 5, 6, 7, 0, 1, 7, 4, 5, 7, 1, 4, 7, 2, 4, 1, 3, 4, 2 ],
				"vertices": [ 2.33, 13.06, 33.5, 12.57, 51, 9.34, 66.32, 4.31, 63, -10.71, 43.13, -20.58, 8.91, -20.04, -6.79, -2.64, -6.61, 9.1 ],
				"hull": 9,
				"edges": [ 10, 8, 8, 6, 6, 4, 4, 2, 10, 12, 12, 14, 14, 16, 2, 0, 16, 0 ],
				"width": 33,
				"height": 73
			}
		},
		"neck": {
			"neck": {
				"name": "goblin/neck",
				"type": "mesh",
				"uvs": [ 0.81967, 0.27365, 0.92101, 0.82048, 0.47134, 1, 0.15679, 0.9354, 0, 0.7556, 0.19268, 0.51833, 0.15468, 0.35706, 0, 0.21989, 0.13568, 0, 0.68878, 0, 0.70145, 0.53872 ],
				"triangles": [ 3, 5, 2, 2, 10, 1, 2, 5, 10, 3, 4, 5, 10, 0, 1, 0, 10, 6, 10, 5, 6, 7, 8, 6, 6, 9, 0, 6, 8, 9 ],
				"vertices": [ 18.62, -11.65, -3.98, -13.85, -10.28, 2.76, -6.91, 13.89, 0.8, 19.04999, 10.06, 11.51, 16.74, 12.45, 22.71, 17.64, 31.4, 12.19, 30.12, -7.67, 8.05, -6.71 ],
				"hull": 10,
				"edges": [ 14, 12, 12, 10, 10, 8, 8, 6, 6, 4, 4, 2, 2, 20, 20, 0, 0, 18, 16, 18, 14, 16, 0, 2 ],
				"width": 36,
				"height": 41
			}
		},
		"pelvis": {
			"pelvis": {
				"name": "goblin/pelvis",
				"type": "mesh",
				"uvs": [ 1, 1, 0, 1, 0, 0, 1, 0 ],
				"triangles": [ 1, 2, 3, 1, 3, 0 ],
				"vertices": [ 25.38, -20.73, -36.61, -20.73, -36.61, 22.26, 25.38, 22.26 ],
				"hull": 4,
				"edges": [ 0, 2, 2, 4, 4, 6, 0, 6 ],
				"width": 62,
				"height": 43
			}
		},
		"right arm": {
			"right arm": {
				"name": "goblin/right-arm",
				"type": "mesh",
				"uvs": [ 1, 0.09223, 1, 0.8501, 0.72058, 1, 0.24384, 1, 0, 0.86558, 0.20822, 0.10919, 0.50903, 0, 0.85342, 0 ],
				"triangles": [ 1, 2, 6, 6, 2, 5, 1, 6, 0, 4, 5, 3, 2, 3, 5, 6, 7, 0 ],
				"vertices": [ -4.75, 8.89, 33.03, 11.74, 40.99, 5.89, 41.81, -5.03, 35.53, -11.13, -2.53, -9.2, -8.5, -2.71, -9.09, 5.17999 ],
				"hull": 8,
				"edges": [ 8, 6, 4, 6, 4, 2, 12, 14, 2, 0, 14, 0, 10, 12, 8, 10 ],
				"width": 23,
				"height": 50
			}
		},
		"right foot": {
			"right foot": {
				"name": "goblin/right-foot",
				"type": "mesh",
				"uvs": [ 0.40851, 0.0047, 0.59087, 0.33404, 0.75959, 0.48311, 0.88907, 0.59751, 0.97532, 0.89391, 0.90385, 1, 0.6722, 1, 0.38633, 1, 0.08074, 1, 0, 0.88921, 0, 0.65984, 0, 0.46577, 0.0906, 0.0988, 0.305, 0, 0.47461, 0.71257, 0.715, 0.74681 ],
				"triangles": [ 1, 10, 11, 1, 13, 0, 14, 1, 2, 1, 12, 13, 12, 1, 11, 14, 10, 1, 15, 14, 2, 15, 2, 3, 9, 10, 14, 15, 3, 4, 7, 8, 9, 14, 7, 9, 6, 14, 15, 5, 6, 15, 7, 14, 6, 4, 5, 15 ],
				"vertices": [ 17.36, 25.99, 29.13, 15.44, 39.89, 10.8, 48.14, 7.24, 53.84, -2.38, 49.43, -6, 34.84, -6.39, 16.84, -6.87, -2.4, -7.38, -7.58, -3.86, -7.78, 3.7, -7.95, 10.1, -2.57, 22.36, 10.84, 25.97, 22.14, 2.75, 37.31, 2.03 ],
				"hull": 14,
				"edges": [ 0, 2, 6, 8, 8, 10, 16, 18, 22, 24, 24, 26, 0, 26, 10, 12, 2, 4, 4, 6, 12, 14, 14, 16, 18, 20, 20, 22, 2, 28, 28, 14, 20, 28, 4, 30, 30, 12, 28, 30, 30, 8 ],
				"width": 63,
				"height": 33
			}
		},
		"right hand": {
			"right hand": {
				"name": "goblin/right-hand",
				"type": "mesh",
				"uvs": [ 0.17957, 0, 0, 0.44772, 0, 0.79734, 0.20057, 0.94264, 0.55057, 1, 0.8539, 1, 0.89823, 0.82004, 0.8259, 0.74285, 0.84223, 0.49993, 0.96356, 0.34102, 0.66023, 0 ],
				"triangles": [ 8, 10, 9, 0, 10, 1, 8, 2, 1, 8, 1, 10, 7, 3, 8, 3, 2, 8, 4, 3, 7, 5, 7, 6, 4, 7, 5 ],
				"vertices": [ -10.82, -9.45, 5.95, -15.34, 18.87999, -14.9, 24, -7.5, 25.69, 5.16, 25.31, 16.07, 18.61, 17.44, 15.84, 14.74, 6.84, 15.02, 0.81, 19.18, -11.41, 7.83 ],
				"hull": 11,
				"edges": [ 0, 2, 2, 4, 4, 6, 6, 8, 8, 10, 10, 12, 12, 14, 14, 16, 16, 18, 18, 20, 0, 20 ],
				"width": 36,
				"height": 37
			}
		},
		"right hand thumb": {
			"right hand thumb": {
				"name": "goblin/right-hand",
				"type": "mesh",
				"uvs": [ 0.88538, 0.22262, 0.76167, 0.3594, 0.75088, 0.78308, 0.95326, 0.84981, 1, 0.60302 ],
				"triangles": [ 1, 0, 4, 2, 1, 4, 3, 2, 4 ],
				"vertices": [ -2.82, 15.97, 2.4, 11.71, 18.08, 11.9, 20.27, 19.27, 11.09, 20.62 ],
				"hull": 5,
				"edges": [ 2, 4, 4, 6, 6, 8, 2, 0, 0, 8 ],
				"width": 36,
				"height": 37
			}
		},
		"right lower leg": {
			"right lower leg": {
				"name": "goblin/right-lower-leg",
				"type": "mesh",
				"uvs": [ 1, 0.27261, 0.81312, 0.52592, 0.79587, 0.71795, 0.95544, 0.80988, 0.85193, 0.95493, 0.47241, 1, 0.14033, 1, 0, 0.8773, 0.14896, 0.67914, 0.1619, 0.30325, 0.60611, 0 ],
				"triangles": [ 1, 10, 0, 9, 10, 1, 8, 9, 1, 2, 8, 1, 4, 2, 3, 6, 7, 8, 5, 6, 8, 2, 5, 8, 4, 5, 2 ],
				"vertices": [ 6.26, 8.46, 23.32, 8.04, 37.09999, 12.89, 41.45, 20.82, 53.07, 21.46, 61.33, 10.06, 65.76999, -1.03, 58.99, -9.18999, 43.02, -9.81, 16.33, -20, -12.79, -9.26 ],
				"hull": 11,
				"edges": [ 0, 2, 2, 4, 4, 6, 6, 8, 8, 10, 10, 12, 12, 14, 14, 16, 16, 18, 0, 20, 18, 20 ],
				"width": 36,
				"height": 76
			}
		},
		"right shoulder": {
			"right shoulder": {
				"name": "goblin/right-shoulder",
				"type": "mesh",
				"uvs": [ 0.62008, 0.03708, 0.92131, 0.09048, 1, 0.38319, 0.72049, 0.6937, 0.31656, 1, 0, 1, 0, 0.75106, 0.28233, 0.49988 ],
				"triangles": [ 4, 6, 7, 4, 7, 3, 4, 5, 6, 7, 0, 3, 2, 0, 1, 2, 3, 0 ],
				"vertices": [ -3.17, -11.05, -9, -0.57, -1.01, 10.33, 16.69, 11.17, 37.41, 8.2, 45.45, -1.16, 36.95, -8.46, 21.2, -7.47 ],
				"hull": 8,
				"edges": [ 10, 12, 12, 14, 14, 0, 0, 2, 2, 4, 4, 6, 8, 10, 6, 8 ],
				"width": 39,
				"height": 45
			}
		},
		"right upper leg": {
			"right upper leg": {
				"name": "goblin/right-upper-leg",
				"type": "mesh",
				"uvs": [ 0.27018, 0, 0.11618, 0.18177, 0, 0.70688, 0, 0.89577, 0.26668, 1, 0.48718, 1, 0.67618, 0.83532, 1, 0.5161, 1, 0.25543, 0.74618, 0.0571 ],
				"triangles": [ 9, 8, 7, 9, 1, 0, 6, 9, 7, 6, 1, 9, 2, 1, 6, 4, 3, 2, 6, 4, 2, 5, 4, 6 ],
				"vertices": [ -9.85, -10.37, 2.17, -14.07, 35.49, -13.66, 47.29, -12.11, 52.61, -2.26, 51.63, 5.16, 40.50999, 10.18, 19.12999, 18.46999, 2.85, 16.32, -8.39999, 6.14 ],
				"hull": 10,
				"edges": [ 0, 2, 2, 4, 4, 6, 6, 8, 8, 10, 10, 12, 12, 14, 14, 16, 16, 18, 0, 18 ],
				"width": 34,
				"height": 63
			}
		},
		"torso": {
			"torso": {
				"name": "goblin/torso",
				"type": "mesh",
				"uvs": [ 0, 0.33287, 0.15945, 0.46488, 0.15761, 0.60314, 0.15502, 0.79806, 0.32807, 0.93478, 0.6875, 1, 0.80731, 1, 1, 0.77763, 1, 0.66147, 1, 0.56703, 0.93207, 0.4771, 0.86944, 0.39416, 0.83837, 0.226, 0.68085, 0, 0.14836, 0, 0, 0.07199, 0.78734, 0.86249, 0.43679, 0.79649, 0.76738, 0.61733, 0.44345, 0.58747, 0.54329, 0.38316, 0.77692, 0.73446, 0.66478, 0.51012 ],
				"triangles": [ 5, 16, 6, 6, 16, 7, 4, 17, 5, 5, 17, 16, 4, 3, 17, 17, 21, 16, 16, 21, 7, 3, 2, 17, 21, 19, 18, 21, 17, 19, 17, 2, 19, 21, 8, 7, 21, 18, 8, 18, 9, 8, 19, 22, 18, 18, 10, 9, 18, 22, 10, 2, 1, 19, 19, 20, 22, 19, 1, 20, 22, 11, 10, 22, 20, 11, 20, 1, 14, 20, 12, 11, 1, 0, 14, 20, 13, 12, 20, 14, 13, 0, 15, 14 ],
				"vertices": [ 56.93, 27.95, 43.37, 18.23, 30.16, 19.5, 11.53, 21.28, -2.55, 10.69, -10.89, -13.12, -11.59, -21.23, 8.54, -36.12, 19.65, -37.08, 28.68, -37.86, 37.68, -34, 45.98, -30.44, 56.4, -29.07, 84.78, -20.92, 87.9, 15.15, 81.87999, 25.79, 1.67, -21.01, 10.03, 2.18, 25.23, -18.25, 29.98, 0, 48.54, -8.39, 13.98, -21.36, 35.9, -15.6 ],
				"hull": 16,
				"edges": [ 0, 2, 6, 8, 8, 10, 10, 12, 12, 14, 22, 24, 24, 26, 26, 28, 28, 30, 0, 30, 14, 32, 32, 34, 34, 6, 18, 36, 36, 38, 2, 4, 4, 6, 38, 4, 2, 40, 40, 22, 40, 38, 38, 34, 32, 10, 34, 8, 40, 28, 14, 16, 16, 18, 32, 42, 42, 36, 16, 42, 42, 34, 18, 20, 20, 22, 36, 44, 44, 40, 20, 44 ],
				"width": 68,
				"height": 96
			}
		},
		"undie straps": {
			"undie straps": {
				"name": "goblin/undie-straps",
				"type": "mesh",
				"uvs": [ 0.36097, 0.44959, 0.66297, 0.60591, 1, 0.19486, 1, 0.57117, 0.75897, 1, 0.38697, 1, 0, 0.26433, 0, 0, 0.12497, 0 ],
				"triangles": [ 6, 7, 8, 6, 8, 0, 3, 1, 2, 5, 0, 1, 6, 0, 5, 4, 1, 3, 5, 1, 4 ],
				"vertices": [ -10.56, 12.87, 6.53, 9.89999, 25.62, 17.70999, 25.62, 10.56, 11.97, 2.41, -9.09, 2.41, -31, 16.39, -31, 21.41, -23.92, 21.41 ],
				"hull": 9,
				"edges": [ 14, 16, 16, 0, 0, 2, 2, 4, 4, 6, 6, 8, 8, 10, 12, 14, 10, 12, 0, 10, 2, 8 ],
				"width": 55,
				"height": 19
			}
		},
		"undies": {
			"undies": {
				"name": "goblin/undies",
				"type": "mesh",
				"uvs": [ 0, 0.32029, 0.14893, 0.59457, 0.22437, 1, 0.35909, 1, 0.50998, 1, 0.79559, 0.58453, 0.9842, 0.28015, 1, 0.00588, 0.46957, 0.17646, 0, 0.03933, 0.48843, 0.59122, 0.48114, 0.43099 ],
				"triangles": [ 6, 8, 7, 0, 9, 8, 11, 8, 6, 0, 8, 11, 5, 11, 6, 10, 11, 5, 1, 0, 11, 1, 11, 10, 3, 2, 1, 10, 3, 1, 4, 10, 5, 3, 10, 4 ],
				"vertices": [ -13.22, 5.56, -8, -2.47, -5.49, -14.27, -0.64, -14.36, 4.78, -14.45, 15.27, -2.58999, 22.22, 6.11, 22.92, 14.05, 3.75, 9.43999, -13.08, 13.71, 4.21, -2.58999, 4.03, 2.05 ],
				"hull": 10,
				"edges": [ 0, 2, 2, 4, 8, 10, 10, 12, 12, 14, 14, 16, 16, 18, 0, 18, 4, 6, 6, 8, 6, 20, 16, 22, 22, 20, 0, 22, 22, 12, 2, 20, 20, 10 ],
				"width": 36,
				"height": 29
			}
		}
	},
	"goblingirl": {
		"eyes": {
			"eyes closed": { "name": "goblingirl/eyes-closed", "x": 28, "y": -25.54, "rotation": -87.04, "width": 37, "height": 21 }
		},
		"head": {
			"head": { "name": "goblingirl/head", "x": 27.71, "y": -4.32, "rotation": -85.58, "width": 103, "height": 81 }
		},
		"left arm": {
			"left arm": { "name": "goblingirl/left-arm", "x": 19.64, "y": -2.42, "rotation": 33.05, "width": 37, "height": 35 }
		},
		"left foot": {
			"left foot": { "name": "goblingirl/left-foot", "x": 25.17, "y": 7.92, "rotation": 3.32, "width": 65, "height": 31 }
		},
		"left hand": {
			"left hand": {
				"name": "goblingirl/left-hand",
				"x": 4.34,
				"y": 2.39,
				"scaleX": 0.896,
				"scaleY": 0.896,
				"rotation": 30.34,
				"width": 35,
				"height": 40
			}
		},
		"left lower leg": {
			"left lower leg": { "name": "goblingirl/left-lower-leg", "x": 25.02, "y": -0.6, "rotation": 105.75, "width": 33, "height": 70 }
		},
		"left shoulder": {
			"left shoulder": { "name": "goblingirl/left-shoulder", "x": 19.8, "y": -0.42, "rotation": 61.21, "width": 28, "height": 46 }
		},
		"left upper leg": {
			"left upper leg": { "name": "goblingirl/left-upper-leg", "x": 30.21, "y": -2.95, "rotation": 89.09, "width": 33, "height": 70 }
		},
		"neck": {
			"neck": { "name": "goblingirl/neck", "x": 6.16, "y": -3.14, "rotation": -98.86, "width": 35, "height": 41 }
		},
		"pelvis": {
			"pelvis": { "name": "goblingirl/pelvis", "x": -3.87, "y": 3.18, "width": 62, "height": 43 }
		},
		"right arm": {
			"right arm": { "name": "goblingirl/right-arm", "x": 16.85, "y": -0.66, "rotation": 93.52, "width": 28, "height": 50 }
		},
		"right foot": {
			"right foot": { "name": "goblingirl/right-foot", "x": 23.46, "y": 9.66, "rotation": 1.52, "width": 63, "height": 33 }
		},
		"right hand": {
			"right hand": { "name": "goblingirl/right-hand", "x": 7.21, "y": 3.43, "rotation": 91.16, "width": 36, "height": 37 }
		},
		"right hand thumb": {
			"right hand thumb": { "name": "goblingirl/right-hand", "x": 7.21, "y": 3.43, "rotation": 91.16, "width": 36, "height": 37 }
		},
		"right lower leg": {
			"right lower leg": { "name": "goblingirl/right-lower-leg", "x": 26.15, "y": -3.27, "rotation": 111.83, "width": 36, "height": 76 }
		},
		"right shoulder": {
			"right shoulder": { "name": "goblingirl/right-shoulder", "x": 14.46, "y": 0.45, "rotation": 129.85, "width": 39, "height": 45 }
		},
		"right upper leg": {
			"right upper leg": { "name": "goblingirl/right-upper-leg", "x": 19.69, "y": 2.13, "rotation": 97.49, "width": 34, "height": 63 }
		},
		"torso": {
			"torso": { "name": "goblingirl/torso", "x": 36.28, "y": -5.14, "rotation": -95.74, "width": 68, "height": 96 }
		},
		"undie straps": {
			"undie straps": { "name": "goblingirl/undie-straps", "x": -1.51, "y": 14.18, "width": 55, "height": 19 }
		},
		"undies": {
			"undies": { "name": "goblingirl/undies", "x": 5.4, "y": 1.7, "width": 36, "height": 29 }
		}
	}
},
"animations": {
	"walk": {
		"slots": {
			"eyes": {
				"attachment": [
					{ "time": 0.7, "name": "eyes closed" },
					{ "time": 0.8, "name": null }
				]
			}
		},
		"bones": {
			"left upper leg": {
				"rotate": [
					{ "time": 0, "angle": -26.55 },
					{ "time": 0.1333, "angle": -8.78 },
					{ "time": 0.2333, "angle": 9.51 },
					{ "time": 0.3666, "angle": 30.74 },
					{ "time": 0.5, "angle": 25.33 },
					{ "time": 0.6333, "angle": 26.11 },
					{ "time": 0.7333, "angle": 7.45 },
					{ "time": 0.8666, "angle": -21.19 },
					{ "time": 1, "angle": -26.55 }
				],
				"translate": [
					{ "time": 0, "x": -1.32, "y": 1.7 },
					{ "time": 0.3666, "x": -0.06, "y": 2.42 },
					{ "time": 1, "x": -1.32, "y": 1.7 }
				]
			},
			"right upper leg": {
				"rotate": [
					{ "time": 0, "angle": 42.45 },
					{
						"time": 0.1333,
						"angle": 49.86,
						"curve": [ 0.414, 0, 0.705, 0.99 ]
					},
					{ "time": 0.2333, "angle": 22.51 },
					{ "time": 0.5, "angle": -16.93 },
					{ "time": 0.6333, "angle": 1.89 },
					{
						"time": 0.7333,
						"angle": 34.86,
						"curve": [ 0.462, 0.11, 1, 1 ]
					},
					{
						"time": 0.8666,
						"angle": 58.68,
						"curve": [ 0.5, 0.02, 1, 1 ]
					},
					{ "time": 1, "angle": 42.45 }
				],
				"translate": [
					{ "time": 0, "x": 6.23, "y": 0 },
					{ "time": 0.2333, "x": 2.14, "y": 2.4 },
					{ "time": 0.5, "x": 2.44, "y": 4.8 },
					{ "time": 1, "x": 6.23, "y": 0 }
				]
			},
			"left lower leg": {
				"rotate": [
					{ "time": 0, "angle": -18.05 },
					{ "time": 0.1333, "angle": -63.5 },
					{ "time": 0.2333, "angle": -83.01 },
					{ "time": 0.5, "angle": 5.11 },
					{ "time": 0.6333, "angle": -28.29 },
					{ "time": 0.7333, "angle": -27.52 },
					{ "time": 0.8666, "angle": 3.53 },
					{ "time": 1, "angle": -18.05 }
				],
				"translate": [
					{ "time": 0, "x": 0, "y": 0 },
					{ "time": 0.2333, "x": 2.55, "y": -0.47 },
					{ "time": 0.5, "x": 0, "y": 0, "curve": "stepped" },
					{ "time": 1, "x": 0, "y": 0 }
				]
			},
			"left foot": {
				"rotate": [
					{ "time": 0, "angle": -14.56 },
					{ "time": 0.1333, "angle": -10.42 },
					{ "time": 0.2333, "angle": -5.01 },
					{ "time": 0.3, "angle": 6.67 },
					{ "time": 0.3666, "angle": 3.87 },
					{ "time": 0.5, "angle": -3.87 },
					{ "time": 0.6333, "angle": 2.78 },
					{ "time": 0.7333, "angle": -11.99 },
					{ "time": 0.8666, "angle": -12.45 },
					{ "time": 1, "angle": -14.56 }
				]
			},
			"right shoulder": {
				"rotate": [
					{
						"time": 0,
						"angle": 5.29,
						"curve": [ 0.264, 0, 0.75, 1 ]
					},
					{ "time": 0.6333, "angle": 6.65 },
					{ "time": 1, "angle": 5.29 }
				]
			},
			"right arm": {
				"rotate": [
					{
						"time": 0,
						"angle": -4.02,
						"curve": [ 0.267, 0, 0.804, 0.99 ]
					},
					{
						"time": 0.6333,
						"angle": 19.78,
						"curve": [ 0.307, 0, 0.787, 0.99 ]
					},
					{ "time": 1, "angle": -4.02 }
				]
			},
			"right hand": {
				"rotate": [
					{ "time": 0, "angle": 8.98 },
					{ "time": 0.6333, "angle": 0.51 },
					{ "time": 1, "angle": 8.98 }
				]
			},
			"left shoulder": {
				"rotate": [
					{
						"time": 0,
						"angle": 6.25,
						"curve": [ 0.339, 0, 0.683, 1 ]
					},
					{
						"time": 0.5,
						"angle": -11.78,
						"curve": [ 0.281, 0, 0.686, 0.99 ]
					},
					{ "time": 1, "angle": 6.25 }
				],
				"translate": [
					{ "time": 0, "x": 1.15, "y": 0.23 }
				]
			},
			"left hand": {
				"rotate": [
					{
						"time": 0,
						"angle": -21.23,
						"curve": [ 0.295, 0, 0.755, 0.98 ]
					},
					{
						"time": 0.5,
						"angle": -27.28,
						"curve": [ 0.241, 0, 0.75, 0.97 ]
					},
					{ "time": 1, "angle": -21.23 }
				]
			},
			"left arm": {
				"rotate": [
					{
						"time": 0,
						"angle": 28.37,
						"curve": [ 0.339, 0, 0.683, 1 ]
					},
					{
						"time": 0.5,
						"angle": 60.09,
						"curve": [ 0.281, 0, 0.686, 0.99 ]
					},
					{ "time": 1, "angle": 28.37 }
				]
			},
			"torso": {
				"rotate": [
					{ "time": 0, "angle": -10.28 },
					{
						"time": 0.1333,
						"angle": -15.38,
						"curve": [ 0.545, 0, 0.818, 1 ]
					},
					{
						"time": 0.3666,
						"angle": -9.78,
						"curve": [ 0.58, 0.17, 0.669, 0.99 ]
					},
					{
						"time": 0.6333,
						"angle": -15.75,
						"curve": [ 0.235, 0.01, 0.795, 1 ]
					},
					{
						"time": 0.8666,
						"angle": -7.06,
						"curve": [ 0.209, 0, 0.816, 0.98 ]
					},
					{ "time": 1, "angle": -10.28 }
				],
				"translate": [
					{ "time": 0, "x": -3.72, "y": -0.01 }
				]
			},
			"right foot": {
				"rotate": [
					{ "time": 0, "angle": -5.25 },
					{ "time": 0.2333, "angle": -17.76 },
					{ "time": 0.3666, "angle": -20.09 },
					{ "time": 0.5, "angle": -19.73 },
					{ "time": 0.7333, "angle": -11.68 },
					{ "time": 0.8, "angle": 4.46 },
					{ "time": 0.8666, "angle": 0.46 },
					{ "time": 1, "angle": -5.25 }
				]
			},
			"right lower leg": {
				"rotate": [
					{
						"time": 0,
						"angle": -3.39,
						"curve": [ 0.316, 0.01, 0.741, 0.98 ]
					},
					{
						"time": 0.1333,
						"angle": -43.21,
						"curve": [ 0.414, 0, 0.705, 0.99 ]
					},
					{ "time": 0.2333, "angle": -25.98 },
					{ "time": 0.5, "angle": -19.53 },
					{ "time": 0.6333, "angle": -64.8 },
					{
						"time": 0.7333,
						"angle": -89.54,
						"curve": [ 0.557, 0.18, 1, 1 ]
					},
					{ "time": 1, "angle": -3.39 }
				],
				"translate": [
					{ "time": 0, "x": 0, "y": 0, "curve": "stepped" },
					{ "time": 0.5, "x": 0, "y": 0 },
					{ "time": 0.6333, "x": 2.18, "y": 0.21 },
					{ "time": 1, "x": 0, "y": 0 }
				]
			},
			"hip": {
				"rotate": [
					{ "time": 0, "angle": 0, "curve": "stepped" },
					{ "time": 1, "angle": 0 }
				],
				"translate": [
					{ "time": 0, "x": 0, "y": -8.4 },
					{
						"time": 0.1333,
						"x": 0,
						"y": -9.35,
						"curve": [ 0.326, 0.05, 0.674, 0.93 ]
					},
					{
						"time": 0.2333,
						"x": 0,
						"y": -0.59,
						"curve": [ 0.325, 0.39, 0.643, 0.7 ]
					},
					{ "time": 0.3666, "x": 0, "y": -3.96 },
					{ "time": 0.5, "x": 0, "y": -8.4 },
					{
						"time": 0.6333,
						"x": 0,
						"y": -10,
						"curve": [ 0.359, 0.47, 0.646, 0.74 ]
					},
					{
						"time": 0.7333,
						"x": 0,
						"y": -5.29,
						"curve": [ 0.333, 0.36, 0.662, 0.69 ]
					},
					{
						"time": 0.8,
						"x": 0,
						"y": -2.49,
						"curve": [ 0.322, 0.35, 0.651, 0.68 ]
					},
					{ "time": 0.8666, "x": 0, "y": -3.96 },
					{ "time": 1, "x": 0, "y": -8.4 }
				]
			},
			"neck": {
				"rotate": [
					{ "time": 0, "angle": 3.6 },
					{ "time": 0.1333, "angle": 17.49 },
					{ "time": 0.2333, "angle": 6.1 },
					{ "time": 0.3666, "angle": 3.45 },
					{ "time": 0.5, "angle": 5.17 },
					{ "time": 0.6333, "angle": 18.36 },
					{ "time": 0.7333, "angle": 6.09 },
					{ "time": 0.8666, "angle": 2.28 },
					{ "time": 1, "angle": 3.6 }
				]
			},
			"head": {
				"rotate": [
					{
						"time": 0,
						"angle": 3.6,
						"curve": [ 0, 0, 0.704, 1.17 ]
					},
					{ "time": 0.1333, "angle": -0.2 },
					{ "time": 0.2333, "angle": 6.1 },
					{ "time": 0.3666, "angle": 3.45 },
					{
						"time": 0.5,
						"angle": 5.17,
						"curve": [ 0, 0, 0.704, 1.61 ]
					},
					{ "time": 0.6666, "angle": 1.1 },
					{ "time": 0.7333, "angle": 6.09 },
					{ "time": 0.8666, "angle": 2.28 },
					{ "time": 1, "angle": 3.6 }
				]
			},
			"pelvis": {
				"rotate": [
					{ "time": 0, "angle": -1.33 }
				],
				"translate": [
					{ "time": 0, "x": 0.39, "y": -0.78 }
				]
			},
			"spear1": {
				"rotate": [
					{ "time": 0, "angle": 1.84 },
					{ "time": 0.2, "angle": -5.38 },
					{ "time": 0.5, "angle": 2.95 },
					{ "time": 0.7333, "angle": -3.67 },
					{ "time": 1, "angle": 1.84 }
				]
			},
			"spear2": {
				"rotate": [
					{ "time": 0, "angle": 1.84 },
					{ "time": 0.2, "angle": -5.38 },
					{ "time": 0.5, "angle": 2.95 },
					{ "time": 0.7333, "angle": -3.67 },
					{ "time": 1, "angle": 1.84 }
				]
			},
			"spear3": {
				"rotate": [
					{ "time": 0, "angle": 3.64 },
					{ "time": 0.2, "angle": -3.59 },
					{ "time": 0.5, "angle": 4.74 },
					{ "time": 0.7333, "angle": -1.87 },
					{ "time": 1, "angle": 3.64 }
				]
			}
		},
		"deform": {
			"default": {
				"left hand item": {
					"spear": [
						{ "time": 0 }
					]
				},
				"right hand item": {
					"dagger": [
						{
							"time": 0,
							"offset": 26,
							"vertices": [ 2.34754, 0.14469 ],
							"curve": [ 0.25, 0, 0.75, 1 ]
						},
						{
							"time": 0.5,
							"offset": 8,
							"vertices": [ -1.19415, 4.31531, 0.07279, 6.41351, 1.66048, 6.18882, 1.75232, 3.59555 ],
							"curve": [ 0.25, 0, 0.75, 1 ]
						},
						{
							"time": 1,
							"offset": 26,
							"vertices": [ 2.34754, 0.14469 ]
						}
					]
				}
			},
			"goblin": {
				"head": {
					"head": [
						{
							"time": 0,
							"curve": [ 0.632, 0, 0.75, 1 ]
						},
						{
							"time": 0.2,
							"vertices": [ -10.97826, -6.68962, -4.68015, -2.46175, 0, 0, 0, 0, 0, 0, 0, 0, 0, 0, 0, 0, -1.08534, 0.08391, -1.08534, 0.08391, -1.08534, 0.08391, 0, 0, -2.22324, 2.66465, -4.83295, 2.70084, -5.70553, -0.51941, -3.15962, -1.61501, 0, 0, 0, 0, 0, 0, 0, 0, 0, 0, 0, 0, -6.64741, 0.81612, -11.82285, -1.34955, 0, 0, 0, 0, 0, 0, 0, 0, 0, 0, -1.08534, 0.08391 ],
							"curve": [ 0.25, 0, 0.75, 1 ]
						},
						{
							"time": 0.3666,
							"vertices": [ 10.69275, 4.05949, 3.66373, 1.85426, 0, 0, 0, 0, 0, 0, 0, 0, 0, 0, 0, 0, 1.47305, 0.09017, 1.47305, 0.09017, 1.47305, 0.09017, 0, 0, 2.69652, -0.22738, 3.77135, 0.11417, 3.6893, 1.55352, 2.49594, 1.65501, 0, 0, 0, 0, 0, 0, 0, 0, 0, 0, 0, 0, 4.4588, -3.9113, 9.19593, -1.66854, 0, 0, 0, 0, 0, 0, 0, 0, 0, 0, 1.47305, 0.09017 ],
							"curve": [ 0.621, 0, 0.75, 1 ]
						},
						{
							"time": 0.7,
							"vertices": [ -10.97826, -6.68962, -4.68015, -2.46175, 0, 0, 0, 0, 0, 0, 0, 0, 0, 0, 0, 0, -1.1755, -0.17183, -1.1755, -0.17182, -1.1755, -0.17183, 0, 0, -2.22324, 2.66465, -4.83295, 2.70084, -5.70553, -0.51941, -3.15962, -1.61501, 0, 0, 0, 0, 0, 0, 0, 0, 0, 0, 0, 0, -6.64741, 0.81612, -11.82285, -1.34955, 0, 0, 0, 0, 0, 0, 0, 0, 0, 0, -1.1755, -0.17183 ],
							"curve": [ 0.25, 0, 0.75, 1 ]
						},
						{
							"time": 0.8666,
							"vertices": [ 10.69275, 4.05949, 3.66373, 1.85426, 0, 0, 0, 0, 0, 0, 0, 0, 0, 0, 0, 0, 0.38687, 0.08446, 0.38687, 0.08446, 0.38687, 0.08446, 0, 0, 2.69652, -0.22738, 3.77135, 0.11417, 3.6893, 1.55352, 2.49594, 1.65501, 0, 0, 0, 0, 0, 0, 0, 0, 0, 0, 0, 0, 4.4588, -3.9113, 9.19593, -1.66854, 0, 0, 0, 0, 0, 0, 0, 0, 0, 0, 0.38687, 0.08446 ],
							"curve": [ 0.25, 0, 0.75, 1 ]
						},
						{ "time": 1 }
					]
				},
				"left foot": {
					"left foot": [
						{
							"time": 0,
							"offset": 8,
							"vertices": [ 3.69298, 2.37572, -7.16969, 18.79732, -12.78161, 14.7778, -12.75775, 6.50514, -3.13475, 1.98906, -0.44401, 0.36629, 0, 0, -3.80085, 2.98474 ]
						},
						{ "time": 0.1333 },
						{
							"time": 0.2333,
							"offset": 8,
							"vertices": [ -3.96072, -2.34594, -5.80445, -12.47629, -2.23129, -12.99037, 2.02941, -9.1036, 0, 0, 0, 0, 0, 0, -1.35254, -5.2883 ]
						},
						{
							"time": 0.3666,
							"offset": 8,
							"vertices": [ 0.66504, 0.33548, 0.33902, 2.69014, -0.4817, 2.54524, -1.13592, 1.38562, 0, 0, 0, 0, 0, 0, -0.11907, 0.79273 ]
						},
						{ "time": 0.5, "curve": "stepped" },
						{ "time": 0.6333 },
						{
							"time": 0.7333,
							"offset": 8,
							"vertices": [ -2.97737, 9.40254, -6.91661, 19.92794, -10.55287, 18.41085, -12.37161, 12.38473, -4.72606, 6.30798, 0, 0, -1.48902, 4.88944, -7.06773, 10.70101 ]
						},
						{
							"time": 0.8333,
							"offset": 6,
							"vertices": [ 1.05318, 1.56361, -2.52722, 7.9974, -5.5203, 17.14136, -8.93317, 15.79635, -10.73747, 10.22055, -4.23801, 5.36992, 0, 0, 0, 0, -5.83147, 8.55531 ]
						},
						{
							"time": 1,
							"offset": 8,
							"vertices": [ 3.69298, 2.37572, -7.16969, 18.79732, -12.78161, 14.7778, -12.75775, 6.50514, -3.13475, 1.98906, -0.44401, 0.36629, 0, 0, -3.80085, 2.98474 ]
						}
					]
				},
				"pelvis": {
					"pelvis": [
						{ "time": 0 },
						{
							"time": 0.1333,
							"offset": 6,
							"vertices": [ -0.68989, -4.13283 ]
						},
						{
							"time": 0.3333,
							"offset": 6,
							"vertices": [ -1.04945, -3.10476 ]
						},
						{
							"time": 0.7,
							"offset": 6,
							"vertices": [ -1.4245, -6.30616 ]
						},
						{
							"time": 0.8666,
							"offset": 6,
							"vertices": [ -1.13541, -1.79035 ]
						},
						{ "time": 1 }
					]
				},
				"right foot": {
					"right foot": [
						{ "time": 0 },
						{
							"time": 0.1333,
							"offset": 2,
							"vertices": [ -2.81258, 2.63114, -2.35238, 3.89441, -1.99921, 4.8639, -0.93273, 5.57982, -0.48886, 5.09854, -0.34812, 3.42912, -0.17445, 1.36898, 0, 0, 0, 0, 0, 0, 0, 0, 0, 0, 0, 0, -1.31305, 1.91371, -1.32986, 3.65703 ]
						},
						{
							"time": 0.2333,
							"offset": 2,
							"vertices": [ -6.39088, 6.41245, -7.74575, 8.27191, -7.02471, 11.35894, -4.0347, 13.93454, -2.50399, 12.62962, -1.46124, 7.58915, -0.17445, 1.36898, 0, 0, 0, 0, 0, 0, 0, 0, 0, 0, 0, 0, -3.84765, 2.61215, -4.53955, 7.92357 ]
						},
						{
							"time": 0.3,
							"offset": 2,
							"vertices": [ -8.27184, 6.68821, -9.29764, 10.13797, -8.62231, 14.71339, -4.58629, 18.81939, -2.20304, 17.10709, -0.07794, 9.9046, 2.54451, 1.01642, 0, 0, 0, 0, 0, 0, 0, 0, 0, 0, 0, 0, -2.94624, 2.38007, -4.59398, 10.01888 ]
						},
						{
							"time": 0.3666,
							"offset": 2,
							"vertices": [ -10.47683, 9.44175, -13.36882, 12.40982, -14.32568, 16.94392, -9.24462, 23.55674, -5.51711, 21.51377, -1.19581, 11.53192, 2.54451, 1.01642, 0, 0, 0, 0, 0, 0, 0, 0, 0, 0, 0, 0, -4.14847, 2.29389, -6.63418, 11.37127 ]
						},
						{
							"time": 0.5,
							"offset": 2,
							"vertices": [ -5.42473, 4.36854, -10.59004, 7.04468, -11.64251, 11.55845, -6.19665, 20.12805, -1.45497, 18.05411, 4.86619, 6.41678, 2.81462, 0.27601, 0, 0, 0, 0, 0, 0, 0, 0, 0, 0, 0, 0, 0, 0, -2.96412, 4.94829 ]
						},
						{ "time": 0.6333 },
						{
							"time": 0.7333,
							"offset": 4,
							"vertices": [ 1.31462, -6.84099, -0.87905, -12.54479, -5.9851, -14.08367, -7.15892, -11.63193, -5.6792, -4.83544, 0, 0, 0, 0, 0, 0, 0, 0, 0, 0, 0, 0, 0, 0, 0, 0, -2.06163, -6.93844 ]
						},
						{
							"time": 0.8,
							"offset": 4,
							"vertices": [ 0.65731, -3.42049, -0.43952, -6.27239, -2.99255, -7.04183, -3.57946, -5.81596, -2.83959, -2.41772, 0, 0, 0, 0, 0, 0, 0, 0, 0, 0, 2.79687, -1.2802, 0, 0, 0, 0, -1.03081, -3.46922 ]
						},
						{ "time": 0.8666 }
					]
				},
				"right hand": {
					"right hand": [
						{
							"time": 0,
							"offset": 4,
							"vertices": [ -1.48416, 0.34736, 0, 0, 1.31152, 0.08085, 1.60295, 0.09881, 0.13673, 0.1547, 0, 0, 0, 0, -0.72862, -0.0449 ]
						},
						{ "time": 0.5 },
						{
							"time": 1,
							"offset": 4,
							"vertices": [ -1.48416, 0.34736, 0, 0, 1.31152, 0.08085, 1.60295, 0.09881, 0.13673, 0.1547, 0, 0, 0, 0, -0.72862, -0.0449 ]
						}
					]
				},
				"right lower leg": {
					"right lower leg": [
						{ "time": 0 },
						{
							"time": 0.6,
							"offset": 6,
							"vertices": [ 1.80396, -1.56552 ]
						},
						{ "time": 1 }
					]
				},
				"right upper leg": {
					"right upper leg": [
						{
							"time": 0,
							"vertices": [ -6.03856, -1.46324, 0, 0, 0, 0, 0, 0, 0, 0, 0, 0, 0, 0, -0.34684, -1.93101, -1.86047, -5.05265, -2.5014, -3.09984 ]
						},
						{ "time": 0.3333 },
						{
							"time": 0.8666,
							"offset": 14,
							"vertices": [ 0.13424, -2.35377, -1.33317, -5.99572, -1.35861, -4.43323 ]
						},
						{
							"time": 1,
							"vertices": [ -6.03856, -1.46324, 0, 0, 0, 0, 0, 0, 0, 0, 0, 0, 0, 0, -0.34684, -1.93101, -1.86047, -5.05265, -2.5014, -3.09984 ]
						}
					]
				},
				"torso": {
					"torso": [
						{
							"time": 0,
							"offset": 14,
							"vertices": [ -1.48952, -0.24021, -2.72312, -2.15489, -0.51183, -3.39752, 0, 0, 0, 0, 0, 0, 0, 0, 0, 0, 0, 0, 1.0964, -2.61458, 0, 0, 0.57686, -1.24874, 0, 0, 0, 0, -2.11251, -3.29932 ]
						},
						{
							"time": 0.1333,
							"offset": 14,
							"vertices": [ 1.31318, -0.59727, -0.97944, -1.62934, 0.74861, -0.6123, -1.44598, 1.97515, 0, 0, 0, 0, 0, 0, 0, 0, 0, 0, 2.65701, -3.95221, 0, 0, -1.46987, -0.31373, 0, 0, 0, 0, -3.31756, -3.5535, -2.56329, 0.29673 ]
						},
						{
							"time": 0.3,
							"offset": 14,
							"vertices": [ 6.03761, -3.13561, 7.55475, -1.38111, 6.79747, 0.31171, 4.23503, 1.14012, 0, 0, 0, 0, 0, 0, 0, 0, 0, 0, 4.07575, -5.16824, 0, 0, 4.0041, 0.27245, 0, 0, 0, 0, 3.4376, -3.52286 ]
						},
						{
							"time": 0.5,
							"offset": 14,
							"vertices": [ 2.25942, -0.87202, 2.575, -0.56861, 3.17112, -0.57003, 1.48704, 0.9924, 0, 0, 0, 0, 0, 0, 0, 0, 0, 0, 3.22451, -4.43862, 0, 0, 1.48691, 0.01586, 0, 0, 0, 0, 0.31388, -3.28095, -1.53797, 0.17803 ]
						},
						{
							"time": 0.6333,
							"offset": 14,
							"vertices": [ 0.75002, -1.51701, -0.97944, -1.62934, 0.74861, -0.6123, -1.44598, 1.97515, 0, 0, 0, 0, 0, 0, 0, 0, 0, 0, 2.65701, -3.95221, 0, 0, -1.46987, -0.31373, 0, 0, 0, 0, -3.31756, -3.5535, -2.56329, 0.29673 ]
						},
						{
							"time": 0.8666,
							"offset": 14,
							"vertices": [ 0.62202, -1.26262, 0.38489, -2.20701, 3.25048, -0.50042, 2.41108, 2.39315, 0, 0, 0, 0, 0, 0, 0, 0, 0, 0, 1.6639, -3.10099, 0, 0, 2.30655, -1.15196, 0, 0, 0, 0, -0.07676, -3.63497, -0.9321, 0.1079 ]
						},
						{
							"time": 1,
							"offset": 14,
							"vertices": [ -1.48952, -0.24021, -2.72312, -2.15489, -0.51183, -3.39752, 0, 0, 0, 0, 0, 0, 0, 0, 0, 0, 0, 0, 1.0964, -2.61458, 0, 0, 0.57686, -1.24874, 0, 0, 0, 0, -2.11251, -3.29932 ]
						}
					]
				},
				"undie straps": {
					"undie straps": [
						{
							"time": 0,
							"offset": 2,
							"vertices": [ -1.77696, 0.54759, -0.96145, -1.03793, -0.39148, -0.24071, -1.77696, 0.54759 ]
						},
						{
							"time": 0.1333,
							"offset": 2,
							"vertices": [ -2.25683, -1.03177, -1.49719, -4.23861, -0.74469, -2.84906, -1.90072, 0.54477 ]
						},
						{
							"time": 0.3333,
							"offset": 2,
							"vertices": [ -2.37974, -0.05431, -0.49433, 0.19436, -0.90861, 1.16519, -1.60956, 2.70798, 0.96186, 0.80615 ]
						},
						{
							"time": 0.7,
							"offset": 2,
							"vertices": [ -0.91714, -2.76567, -0.62214, -3.63489, -0.8494, -2.26772, -2.56076, 0.5297 ]
						},
						{
							"time": 0.8666,
							"offset": 2,
							"vertices": [ -2.56076, 0.5297, -1.58064, 0.32031, -1.3847, 0.32476, -2.56076, 0.5297 ]
						},
						{
							"time": 1,
							"offset": 2,
							"vertices": [ -1.77696, 0.54759, -0.80128, 0.53413, -0.80128, 0.53413, -1.77696, 0.54759 ]
						}
					]
				},
				"undies": {
					"undies": [
						{
							"time": 0,
							"vertices": [ 0.43098, 0.722, 10.60295, -0.11699, 2.29598, 0, 2.29598, 0, 2.29598, 0, 0.58798, 0.24399, -2.40018, -0.65335, -2.2782, -0.77533, 2.29598, 0, 0.58798, -0.48799, 4.98697, -0.11699, 6.50796, -0.23399 ]
						},
						{
							"time": 0.1333,
							"vertices": [ 0.72659, 0.43319, 7.20416, -0.1638, 1.37759, 0, 1.37759, 0, 1.37759, 0, 1.25279, 0.0464, -0.99861, -2.95085, -1.37542, -3.07404, 1.37759, 0, 0.35279, -0.29279, 2.99218, -0.07019, 3.90478, -0.14039 ]
						},
						{
							"time": 0.3333,
							"vertices": [ 1.16999, 0, 2.10599, -0.234, 0, 0, 0, 0, 0, 0, 2.24999, -0.24999, -0.4344, 0.60551, -1.55939, 0.48051 ]
						},
						{
							"time": 0.5333,
							"vertices": [ 1.16999, 0, -0.234, -0.93599, -2.92499, 0.35099, 0, 0, 0, 0, 0.49999, -0.24999, -0.64078, -2.07914, -0.64078, -2.07914 ]
						},
						{
							"time": 0.7,
							"vertices": [ 1.8627, -0.11514, 4.66326, -0.09099, -1.76428, 0.21171, 0, 0, -0.56832, 0.32832, -1.13833, -1.1511, -2.19996, -3.47068, -1.29718, -3.47068, 0, 0, 0, 0, 1.58785, -0.04642, 2.65941, 0.16714 ]
						},
						{
							"time": 0.8333,
							"vertices": [ 2.41687, -0.20725, 8.58108, 0.585, -0.83571, 0.10028, 0, 0, -1.02299, 0.59098, -2.44899, -1.872, -1.62499, 0, 0, 0, 0, 0, 0, 0, 2.85813, -0.08356, 4.78695, 0.30086 ]
						},
						{
							"time": 0.8666,
							"vertices": [ 2.01969, -0.0214, 8.98545, 0.4446, -0.20937, 0.08022, 0.45919, 0, -0.35919, 0.47279, -1.84159, -1.4488, -0.79153, 1.2642, 0.53285, 1.23981, 0.45919, 0, 0.11759, -0.09759, 3.2839, -0.09025, 5.13115, 0.19388 ]
						},
						{
							"time": 1,
							"vertices": [ 0.43098, 0.722, 10.60295, -0.11699, 2.29598, 0, 2.29598, 0, 2.29598, 0, 0.58798, 0.24399, -2.40018, -0.65335, -2.2782, -0.77533, 2.29598, 0, 0.58798, -0.48799, 4.98697, -0.11699, 6.50796, -0.23399 ]
						}
					]
				}
			}
		}
	}
}
}