{
"skeleton": { "hash": "mDzkOfnXqTuFIADT0TiLHSO3Mh4", "spine": "3.3.07", "width": 525.12, "height": 543.06, "images": "" },
"bones": [
	{ "name": "root" },
	{ "name": "hip", "parent": "root", "length": 68.61, "rotation": -171.49, "x": -19.9, "y": 151.37, "color": "ffe941ff" },
	{ "name": "lumbar", "parent": "hip", "length": 33.93, "rotation": -97.88, "x": 0.07, "y": -4.74 },
	{ "name": "thorax", "parent": "lumbar", "length": 54.39, "rotation": -18.29, "x": 35.09, "y": -0.8 },
	{ "name": "humerusL", "parent": "thorax", "length": 73.48, "rotation": -65.21, "x": 41.33, "y": -55.5 },
	{ "name": "radiusL", "parent": "humerusL", "length": 65.38, "rotation": 43.11, "x": 75.72, "y": 1.83 },
	{ "name": "handL", "parent": "radiusL", "rotation": -52.7, "x": 80.44, "y": 2.06 },
	{ "name": "arrowOrigin", "parent": "root", "x": 172.99, "y": 292 },
	{ "name": "arrowX", "parent": "arrowOrigin", "length": 71.44, "rotation": -4.7, "x": 47.68, "y": -3.92 },
	{ "name": "arrowY", "parent": "arrowOrigin", "length": 71.44, "rotation": 49.81, "x": 37.77, "y": 44.72 },
	{ "name": "head", "parent": "thorax", "length": 14.3, "rotation": 6.59, "x": 70.1, "y": -1.78 },
	{ "name": "browL", "parent": "head", "length": 31.37, "rotation": -58.18, "x": 128.48, "y": -11.4 },
	{ "name": "browR", "parent": "head", "length": 26.75, "rotation": 65.11, "x": 121.66, "y": 39.52 },
	{ "name": "eyelids", "parent": "head", "length": 14.96, "rotation": -82.34, "x": 79.11, "y": 8.18 },
	{ "name": "femurL", "parent": "hip", "length": 92.96, "rotation": 125.21, "x": -52.77, "y": 39.86 },
	{ "name": "femurR", "parent": "hip", "length": 45.3, "rotation": 53.25, "x": 43.53, "y": 43.45 },
	{ "name": "tibiaL", "parent": "femurL", "length": 83, "rotation": -24.72, "x": 107.79, "y": -1.31 },
	{ "name": "footL", "parent": "tibiaL", "length": 54.47, "rotation": 37.77, "x": 82.83, "y": -20.62 },
	{ "name": "hairL1", "parent": "head", "length": 27.5, "rotation": -150.58, "x": 179.86, "y": -9.57 },
	{ "name": "hairL2", "parent": "head", "length": 35.09, "rotation": -135.32, "x": 173.5, "y": -26.26 },
	{ "name": "hairL2 2", "parent": "hairL2", "length": 32.49, "rotation": 17.32, "x": 37.68, "y": -0.62 },
	{ "name": "hairM", "parent": "head", "length": 25.81, "rotation": -173.33, "x": 182.69, "y": 31.1 },
	{ "name": "hairML", "parent": "hairM", "length": 46.41, "rotation": 32.57, "x": 13.83, "y": 24.11 },
	{ "name": "hairMR", "parent": "hairM", "length": 44.06, "rotation": -6.41, "x": 17, "y": -28.44 },
	{ "name": "hairR1", "parent": "head", "length": 43.15, "rotation": -178.89, "x": 157.15, "y": 74.61 },
	{ "name": "hairR2", "parent": "head", "length": 49.32, "rotation": 157.66, "x": 179.91, "y": 62.62 },
	{ "name": "hairR2 2", "parent": "hairR2", "length": 28.91, "rotation": -50.6, "x": 45.74, "y": -13.91 },
	{ "name": "hairSide", "parent": "head", "length": 33.33, "rotation": 94.94, "x": 47.44, "y": -92.9 },
	{ "name": "humerusR", "parent": "thorax", "length": 55.73, "rotation": 137.38, "x": 23.08, "y": 29.13 },
	{ "name": "radiusR", "parent": "humerusR", "length": 47.29, "rotation": 4.01, "x": 58.87 },
	{ "name": "handR", "parent": "radiusR", "x": 54.01, "y": -1.07 },
	{ "name": "handleCenterTargetR", "parent": "handR", "rotation": -89, "x": 18.07, "y": 0.06, "color": "ff0000ff" },
	{ "name": "indexL", "parent": "handL", "length": 22, "rotation": 99.18, "x": -13.07, "y": 20.89 },
	{ "name": "indexR", "parent": "handR", "length": 18, "rotation": -11.04, "x": 6.82, "y": -13.85 },
	{ "name": "irisL", "parent": "head", "rotation": -79.01, "x": 82.7, "y": -29.95 },
	{ "name": "irisR", "parent": "head", "rotation": -79.01, "x": 72.86, "y": 40.02 },
	{ "name": "middleL", "parent": "handL", "length": 23.21, "rotation": 75.15, "x": 4.54, "y": 20.96 },
	{ "name": "middleR", "parent": "handR", "length": 19.24, "rotation": -23.52, "x": -3.3, "y": -17.06 },
	{ "name": "mouth", "parent": "head", "rotation": -77.99, "x": 28.05, "y": 0.81 },
	{ "name": "mouth opening", "parent": "mouth" },
	{ "name": "pinkyL", "parent": "handL", "length": 12.17, "rotation": 37.78, "x": 22.03, "y": -15.19 },
	{ "name": "pinkyR", "parent": "handR", "length": 20.98, "rotation": -38.56, "x": -15.17, "y": -0.62 },
	{ "name": "pony1 1", "parent": "head", "length": 26.78, "rotation": -127.21, "x": 3.24, "y": -49.43 },
	{ "name": "pony1 2", "parent": "pony1 1", "length": 20.86, "rotation": -14.7, "x": 29.89, "y": -1.1 },
	{ "name": "pony1 3L", "parent": "pony1 2", "length": 36.26, "rotation": -26.46, "x": 27.65, "y": -8.15 },
	{ "name": "pony1 3R", "parent": "pony1 2", "length": 37.66, "rotation": -2.95, "x": 34.01, "y": 6.79 },
	{ "name": "pony2 1", "parent": "head", "length": 22.09, "rotation": -126.98, "x": 12.68, "y": -53.86 },
	{ "name": "pony2 2", "parent": "pony2 1", "length": 24.31, "rotation": 2.08, "x": 25.67, "y": -0.29 },
	{ "name": "pony2 3L", "parent": "pony2 2", "length": 33.37, "rotation": -9.21, "x": 31.3, "y": -1.21 },
	{ "name": "pony2 3R", "parent": "pony2 2", "length": 43.41, "rotation": 15.37, "x": 27.7, "y": 0.83 },
	{ "name": "ringL", "parent": "handL", "length": 15.27, "rotation": 62.01, "x": 21.05, "y": 12.5 },
	{ "name": "ringR", "parent": "handR", "length": 18.11, "rotation": -31.44, "x": -10.21, "y": -16.03 },
	{ "name": "rotateHandle", "parent": "root", "length": 55.27, "rotation": 124.8, "x": -152.63, "y": 153.44, "color": "ff0000ff" },
	{ "name": "rs", "parent": "rotateHandle", "scaleX": 1.294, "scaleY": 0.767, "color": "ff0000ff" },
	{ "name": "rr", "parent": "rs", "color": "ff0000ff" },
	{ "name": "strap anchor", "parent": "hip", "length": 31.94, "rotation": -85.09, "x": 2.3, "y": 43.77, "color": "ff702eff" },
	{ "name": "strap tie", "parent": "thorax", "length": 32.33, "rotation": 174.59, "x": 48.07, "y": 9.54, "color": "ff702eff" },
	{ "name": "thumbL", "parent": "handL", "length": 16.61, "rotation": 150.77, "x": -29.83, "y": -12.11 },
	{ "name": "thumbR", "parent": "handR", "length": 20.56, "rotation": -7.45, "x": 4.36, "y": 18.56 },
	{ "name": "tibiaR", "parent": "femurR", "length": 42.31, "rotation": 106.18, "x": 52.54, "y": 9.88 }
],
"slots": [
	{ "name": "rotate", "bone": "rr", "attachment": "rotate" },
	{ "name": "pony2", "bone": "pony2 1", "attachment": "pony2" },
	{ "name": "pony1", "bone": "pony1 1", "attachment": "pony1" },
	{ "name": "head", "bone": "head", "attachment": "head" },
	{ "name": "inmouth", "bone": "mouth", "attachment": "inmouth" },
	{ "name": "mouth", "bone": "mouth opening", "attachment": "mouth" },
	{ "name": "irisL", "bone": "irisL", "attachment": "irisL" },
	{ "name": "irisR", "bone": "irisR", "attachment": "irisR" },
	{ "name": "eyelids open", "bone": "eyelids", "attachment": "eyelids open" },
	{ "name": "irisR spec", "bone": "irisR", "attachment": "irisR spec" },
	{ "name": "irisR flatspec", "bone": "irisR", "attachment": "irisR flatspec" },
	{ "name": "irisL flatspec", "bone": "irisL", "attachment": "irisL flatspec" },
	{ "name": "irisL spec", "bone": "irisL", "attachment": "irisL spec" },
	{ "name": "eyelids closed", "bone": "eyelids" },
	{ "name": "nose", "bone": "head", "attachment": "nose" },
	{ "name": "browR", "bone": "browR", "attachment": "browR" },
	{ "name": "browL", "bone": "browL", "attachment": "browL" },
	{ "name": "hairR2", "bone": "hairR2", "attachment": "hairR2" },
	{ "name": "hairL2", "bone": "hairL2", "attachment": "hairL2" },
	{ "name": "hairL", "bone": "hairL1", "attachment": "hairL" },
	{ "name": "hairR", "bone": "hairR1", "attachment": "hairR" },
	{ "name": "hairM", "bone": "hairM", "attachment": "hairM" },
	{ "name": "hairM blobS", "bone": "hairM", "attachment": "hairM blobS" },
	{ "name": "hairM blob", "bone": "hairM", "attachment": "hairM blob" },
	{ "name": "hairSide", "bone": "hairSide", "attachment": "hairSide" },
	{ "name": "thumbR", "bone": "thumbR", "attachment": "thumbR" },
	{ "name": "pinkyR", "bone": "pinkyR", "attachment": "middleR" },
	{ "name": "ringR", "bone": "ringR", "attachment": "indexR" },
	{ "name": "middleR", "bone": "middleR", "attachment": "middleR" },
	{ "name": "indexR", "bone": "indexR", "attachment": "indexR" },
	{ "name": "armR", "bone": "humerusR", "attachment": "armR" },
	{ "name": "bootR", "bone": "tibiaR", "attachment": "bootR" },
	{ "name": "body", "bone": "hip", "attachment": "body" },
	{ "name": "strap", "bone": "strap anchor", "attachment": "strap" },
	{ "name": "armL", "bone": "humerusL", "attachment": "armL" },
	{ "name": "thumbL", "bone": "thumbL", "attachment": "thumbL" },
	{ "name": "indexL", "bone": "indexL", "attachment": "indexL" },
	{ "name": "middleL", "bone": "middleL", "attachment": "middleL" },
	{ "name": "ringL", "bone": "ringL", "attachment": "ringL" },
	{ "name": "pinkyL", "bone": "pinkyL", "attachment": "pinkyL" },
	{ "name": "arrowY", "bone": "arrowY", "attachment": "arrowY" },
	{ "name": "arrowX", "bone": "arrowX", "attachment": "arrowX" }
],
"transform": [
	{
		"name": "rotateHandleTarget",
		"bones": [ "rotateHandle" ],
		"target": "handleCenterTargetR"
	},
	{
		"name": "translateHandleTarget",
		"bones": [ "arrowOrigin" ],
		"target": "handL"
	}
],
"skins": {
	"default": {
		"armL": {
			"armL": {
				"type": "mesh",
				"uvs": [ 0, 0.53854, 0.04432, 0.51804, 0.12166, 0.54622, 0.18646, 0.55903, 0.30561, 0.55903, 0.3934, 0.5411, 0.46656, 0.44375, 0.51882, 0.33872, 0.57944, 0.20807, 0.63169, 0.09022, 0.71322, 0.02618, 0.79683, 5.6E-4, 0.91598, 0.01081, 0.98914, 0.11584, 1, 0.2798, 0.99332, 0.41045, 0.95778, 0.54622, 0.87626, 0.69993, 0.79265, 0.80497, 0.65887, 0.88438, 0.47701, 0.94843, 0.3077, 0.97405, 0.17601, 0.97149, 0.11748, 0.98429, 0.07149, 0.99967, 0.03386, 0.95355, 0, 0.8562, 0, 0.64614, 0.17852, 0.72842, 0.42193, 0.62878, 0.64362, 0.53195, 0.79941, 0.13446, 0.60451, 0.76196, 0.36098, 0.83549, 0.76897, 0.34426, 0.84802, 0.50653 ],
				"triangles": [ 24, 25, 23, 26, 23, 25, 26, 27, 28, 27, 1, 2, 27, 0, 1, 17, 30, 35, 17, 35, 16, 7, 8, 34, 16, 35, 15, 31, 8, 9, 34, 31, 14, 31, 9, 10, 31, 13, 14, 10, 11, 31, 31, 12, 13, 31, 11, 12, 15, 34, 14, 34, 8, 31, 35, 34, 15, 30, 34, 35, 30, 7, 34, 18, 32, 17, 30, 17, 32, 29, 6, 30, 6, 7, 30, 29, 5, 6, 33, 29, 32, 22, 23, 26, 21, 33, 20, 21, 22, 33, 22, 28, 33, 28, 22, 26, 20, 32, 19, 20, 33, 32, 29, 33, 28, 28, 3, 4, 4, 29, 28, 27, 2, 28, 28, 2, 3, 29, 4, 5, 19, 32, 18, 32, 29, 30 ],
				"vertices": [ 1, 3, 72.47, -38.62, 1, 1, 3, 77.25, -44.69, 1, 3, 4, 17.27, 31.86, 0.8272, 5, -22.11, 61.87, 0.00479, 3, 77.49, -57.83, 0.16799, 2, 4, 27.54, 28.85, 0.95931, 5, -16.67, 52.66, 0.04067, 2, 4, 46.81, 26.42, 0.89979, 5, -4.27, 37.71, 0.1002, 2, 4, 61.3, 27, 0.58207, 5, 6.69, 28.22, 0.41792, 3, 4, 74.75, 38.36, 0.24874, 5, 24.27, 27.31, 0.62043, 6, -54.13, -29.38, 0.1308, 2, 5, 40.46, 29.68, 0.60754, 6, -46.2, -15.07, 0.39245, 1, 6, -37.05, 2.7, 1, 1, 6, -29.18, 18.70999, 1, 1, 6, -16.26, 27.78, 1, 1, 6, -2.78, 31.75, 1, 1, 6, 16.67, 31.19, 1, 2, 5, 112.22, -10.38, 0.00319, 6, 29.17, 17.71999, 0.9968, 1, 6, 31.84, -3.98, 1, 1, 6, 31.47, -21.39, 1, 2, 5, 64.9, -43, 0.34301, 6, 26.44, -39.68, 0.65698, 3, 4, 136.75, -3.77, 0.00362, 5, 40.68999, -45.83, 0.69388, 6, 14, -60.66, 0.30249, 3, 4, 121.48, -15.93, 0.19497, 5, 21.23, -44.26, 0.50686, 6, 0.96, -75.18, 0.29815, 2, 4, 98.53, -23.69, 0.6028, 5, -0.81, -34.22, 0.39719, 2, 4, 68.06, -28.44, 0.98196, 5, -26.29, -16.85, 0.01803, 1, 4, 40.25, -28.37, 1, 1, 4, 19, -25.35, 1, 2, 4, 9.32, -25.85, 0.82399, 3, 21.76, -74.8, 0.176, 1, 3, 17.54999, -68.26999, 1, 1, 3, 21.54, -60.58, 1, 1, 3, 32.21, -51.4, 1, 1, 3, 58.83, -42.95, 1, 2, 4, 23.44, 6.66, 0.99126, 5, -34.84, 39.27, 0.00873, 2, 4, 64.46, 14.85, 0.69542, 5, 0.68, 17.2, 0.30456, 2, 5, 33.66999, -2.38, 0.736, 6, -24.8, -39.9, 0.26399, 1, 6, -1.62, 13.97, 1, 2, 4, 91.77, -6.43, 0.73823, 5, 6.05, -17.01, 0.26176, 1, 4, 51.17, -11.17, 1, 2, 5, 65.92, -2.16, 0.336, 6, -5.42, -14.11, 0.66399, 1, 6, 8.34, -35.14, 1 ],
				"hull": 28,
				"edges": [ 0, 2, 2, 4, 4, 6, 6, 8, 8, 10, 10, 12, 12, 14, 14, 16, 16, 18, 18, 20, 20, 22, 22, 24, 24, 26, 26, 28, 28, 30, 30, 32, 32, 34, 34, 36, 36, 38, 38, 40, 40, 42, 42, 44, 44, 46, 46, 48, 48, 50, 50, 52, 52, 54, 54, 0 ],
				"width": 163,
				"height": 133
			}
		},
		"armR": {
			"armR": {
				"type": "mesh",
				"uvs": [ 0, 0.7003, 0.04189, 0.50764, 0.19978, 0.38837, 0.34264, 0.32186, 0.43474, 0.29663, 0.53625, 0.22553, 0.75429, 0.06727, 0.88211, 0, 0.9761, 0.02828, 1, 0.22323, 0.96294, 0.34479, 0.86708, 0.46635, 0.68662, 0.60397, 0.60016, 0.67966, 0.51557, 0.75534, 0.39151, 0.86314, 0.27685, 0.97094, 0.18662, 1, 0.087, 0.96177, 0.03061, 0.87232, 0, 0.79434, 0.13963, 0.63837, 0.30505, 0.50764, 0.47422, 0.41819, 0.62647, 0.31039, 0.81068, 0.16131, 0.16783, 0.86314, 0.27685, 0.74158, 0.44038, 0.60626, 0.6152, 0.48012, 0.77121, 0.3425, 0.90843, 0.2347 ],
				"triangles": [ 22, 2, 3, 23, 22, 3, 23, 3, 4, 28, 22, 23, 13, 28, 29, 21, 1, 2, 21, 2, 22, 0, 1, 21, 27, 21, 22, 27, 22, 28, 14, 28, 13, 27, 28, 14, 20, 0, 21, 26, 21, 27, 20, 21, 26, 15, 27, 14, 26, 27, 15, 19, 20, 26, 18, 19, 26, 16, 26, 15, 17, 18, 26, 16, 17, 26, 25, 6, 7, 24, 5, 6, 8, 25, 7, 31, 8, 9, 31, 25, 8, 25, 24, 6, 30, 24, 25, 30, 25, 31, 10, 31, 9, 30, 31, 10, 24, 23, 4, 24, 4, 5, 11, 30, 10, 29, 23, 24, 29, 24, 30, 29, 30, 11, 12, 29, 11, 28, 23, 29, 12, 13, 29 ],
				"vertices": [ 1, 29, 65.4, -17.71999, 1, 1, 29, 49.09, -32.07, 1, 2, 28, 85.41, -29.41, 0.00107, 29, 24.41, -31.2, 0.99892, 2, 28, 65.32, -26.27, 0.14336, 29, 4.59, -26.65, 0.85663, 2, 28, 53.32, -22.57, 0.51598, 29, -7.11, -22.13, 0.48401, 2, 28, 37.75999, -22.59, 0.92586, 29, -22.64, -21.06, 0.07413, 2, 28, 4.02, -23.16, 0.99998, 29, -56.34, -19.26, 1.0E-5, 2, 28, -14.37, -21.08, 0.99998, 29, -74.54, -15.9, 1.0E-5, 2, 28, -23.69, -12.19, 0.99998, 29, -83.21, -6.39, 1.0E-5, 2, 28, -15.89, 7.82, 0.99999, 29, -74.04, 13.03, 0, 1, 28, -5.03, 16.87, 1, 1, 28, 12.61, 22.04, 1, 2, 28, 40.89, 23.14, 0.90115, 29, -16.32, 24.34, 0.09884, 2, 28, 54.97, 24.58, 0.45832, 29, -2.17, 24.8, 0.54167, 2, 28, 68.83, 26.16, 0.06028, 29, 11.76, 25.4, 0.93971, 1, 29, 32, 25.98, 1, 1, 29, 51.21, 27.27, 1, 1, 29, 62.95, 23.22, 1, 1, 29, 71.64, 12.39, 1, 1, 29, 72.44999, 0.12, 1, 1, 29, 71.11, -9.2, 1, 1, 29, 46.22, -13, 1, 2, 28, 79.72, -11.18, 0.00278, 29, 20.01, -12.61, 0.99721, 2, 28, 55.35, -8.46, 0.56562, 29, -4.1, -8.18999, 0.43437, 2, 28, 31.94, -8.6, 0.9957, 29, -27.47, -6.7, 0.00429, 2, 28, 2.59999, -10.53, 0.99999, 29, -56.87, -6.57, 0, 1, 29, 56.73, 9.43999, 1, 1, 29, 37.31, 6.49, 1, 1, 29, 11.03, 6.33, 1, 2, 28, 42.43, 6.7, 0.94672, 29, -15.93, 7.83, 0.05327, 1, 28, 16.96999, 3.99, 1, 2, 28, -4.69999, 2.86, 0.99999, 29, -63.22, 7.3, 0 ],
				"hull": 21,
				"edges": [ 0, 2, 2, 4, 4, 6, 6, 8, 8, 10, 10, 12, 12, 14, 14, 16, 16, 18, 18, 20, 20, 22, 22, 24, 24, 26, 26, 28, 28, 30, 30, 32, 32, 34, 34, 36, 36, 38, 38, 40, 0, 40, 42, 44, 44, 46, 46, 48, 48, 50, 52, 54, 54, 56, 56, 58, 58, 60, 60, 62 ],
				"width": 133,
				"height": 109
			}
		},
		"arrowX": {
			"arrowX": { "path": "arrow", "color": "f0100cff", "x": 36.22, "y": 1.18, "rotation": -60.13, "width": 64, "height": 85 }
		},
		"arrowY": {
			"arrowY": { "path": "arrow", "color": "99ff00ff", "x": 36.22, "y": 1.18, "rotation": -60.13, "width": 64, "height": 85 }
		},
		"body": {
			"body": {
				"type": "mesh",
				"uvs": [ 0.38823, 0, 0.3066, 0, 0.21707, 0.04123, 0.15987, 0.09148, 0.10764, 0.16385, 0.09272, 0.24023, 0.10142, 0.3116, 0.1151, 0.37391, 0.08153, 0.41512, 0.04919, 0.46638, 0, 0.58297, 0, 0.6684, 0.07531, 0.68548, 0.1723, 0.66538, 0.22329, 0.6091, 0.26929, 0.58096, 0.35261, 0.55583, 0.43841, 0.57593, 0.49561, 0.60206, 0.54535, 0.62116, 0.62867, 0.66639, 0.65354, 0.6885, 0.65851, 0.71765, 0.6697, 0.77594, 0.69955, 0.85231, 0.7468, 0.92568, 0.77665, 0.94678, 0.82639, 0.97292, 0.92587, 0.99704, 1, 1, 1, 0.95181, 1, 0.91796, 1, 0.88949, 0.99426, 0.84326, 0.96441, 0.73672, 0.92214, 0.66235, 0.88732, 0.62415, 0.86618, 0.60405, 0.84628, 0.58395, 0.76918, 0.51762, 0.661, 0.44726, 0.61002, 0.4151, 0.57768, 0.38595, 0.54038, 0.34675, 0.5267, 0.30756, 0.52581, 0.27771, 0.55068, 0.2566, 0.58425, 0.2375, 0.6228, 0.21037, 0.65389, 0.14705, 0.63897, 0.08674, 0.56933, 0.04252, 0.46985, 0, 0.21649, 0.53614, 0.2549, 0.38287, 0.38346, 0.24995, 0.24331, 0.30662, 0.69584, 0.53321, 0.48354, 0.10468, 0.33238, 0.32689, 0.37187, 0.1683, 0.7505, 0.7801, 0.2752, 0.11006, 0.28246, 0.22606, 0.63511, 0.56427, 0.12875, 0.57015, 0.79784, 0.67188, 0.16469, 0.44561, 0.50331, 0.42526, 0.17172, 0.25178, 0.57192, 0.16189, 0.45878, 0.31875, 0.47189, 0.20966, 0.29645, 0.47484, 0.9177, 0.90248, 0.71807, 0.60369, 0.3892, 0.07463, 0.17518, 0.34541, 0.87803, 0.78245, 0.38636, 0.40615, 0.40981, 0.49336, 0.79937, 0.88039, 0.42912, 0.13933, 0.19937, 0.16866, 0.56174, 0.51389, 0.48177, 0.52211, 0.3175, 0.39771, 0.7973, 0.91644, 0.94422, 0.96365 ],
				"triangles": [ 28, 88, 29, 88, 30, 29, 28, 27, 88, 26, 87, 27, 27, 87, 88, 87, 74, 88, 30, 88, 31, 88, 74, 31, 26, 25, 87, 71, 55, 72, 45, 72, 46, 47, 46, 70, 5, 4, 69, 69, 83, 63, 69, 4, 83, 63, 60, 55, 72, 60, 82, 72, 55, 60, 46, 72, 70, 47, 70, 48, 83, 62, 63, 63, 62, 60, 48, 70, 49, 72, 58, 70, 72, 82, 58, 4, 3, 83, 83, 3, 62, 60, 62, 76, 60, 76, 82, 76, 1, 0, 1, 76, 62, 58, 51, 70, 70, 50, 49, 70, 51, 50, 82, 76, 58, 3, 2, 62, 62, 2, 1, 76, 52, 58, 58, 52, 51, 76, 0, 52, 59, 63, 55, 87, 25, 81, 74, 32, 31, 87, 81, 74, 81, 25, 24, 81, 78, 74, 74, 33, 32, 74, 78, 33, 24, 61, 81, 81, 61, 78, 24, 23, 61, 78, 34, 33, 61, 66, 78, 35, 78, 66, 78, 35, 34, 35, 66, 36, 36, 66, 37, 66, 61, 22, 61, 23, 22, 22, 21, 66, 66, 38, 37, 21, 75, 66, 21, 20, 75, 66, 75, 38, 20, 64, 75, 20, 19, 64, 19, 84, 64, 19, 18, 84, 64, 57, 75, 75, 39, 38, 75, 57, 39, 17, 85, 18, 18, 85, 84, 57, 64, 40, 64, 84, 40, 57, 40, 39, 84, 85, 68, 85, 80, 68, 84, 41, 40, 41, 68, 42, 41, 84, 68, 65, 67, 53, 67, 9, 8, 13, 12, 65, 65, 12, 10, 12, 11, 10, 13, 65, 14, 65, 53, 14, 10, 9, 65, 65, 9, 67, 14, 53, 15, 16, 15, 73, 16, 80, 17, 17, 80, 85, 15, 53, 73, 16, 73, 80, 79, 73, 86, 73, 79, 80, 53, 67, 73, 80, 79, 68, 67, 54, 73, 73, 54, 86, 8, 7, 67, 67, 77, 54, 67, 7, 77, 79, 71, 68, 68, 43, 42, 43, 71, 44, 43, 68, 71, 86, 59, 79, 79, 59, 71, 86, 54, 59, 77, 56, 54, 54, 56, 59, 7, 6, 77, 6, 69, 77, 77, 69, 56, 56, 63, 59, 59, 55, 71, 71, 45, 44, 71, 72, 45, 6, 5, 69, 56, 69, 63 ],
				"vertices": [ 1, 3, 77.69, -3.35, 1, 1, 3, 70.93, 17.96999, 1, 5, 1, 5.71, -100.8, 0.0145, 16, -247.48, -75.75, 0, 2, 94.39, 18.70999, 0.00385, 3, 50.19, 37.13, 0.98163, 4, -80.4, 46.88, 0, 5, 1, 23.74, -86.28, 0.08471, 16, -236.49, -96.13, 0, 2, 77.54, 34.58, 0.03571, 3, 29.21, 46.92, 0.87956, 4, -98.09, 31.93, 0, 5, 1, 41.53, -64.15, 0.26317, 16, -217.96, -117.66, 0, 2, 53.18, 49.18, 0.0809, 3, 1.5, 53.15, 0.65592, 4, -115.36, 9.38, 0, 5, 1, 49.42, -39.15, 0.58274, 16, -194.81, -129.97, 0, 2, 27.34, 53.58, 0.07701, 3, -24.41, 49.22, 0.34024, 4, -122.66, -15.8, 0, 3, 1, 50.65, -14.87, 0.84586, 2, 3.12, 51.48, 0.04506, 3, -46.76, 39.63, 0.10906, 2, 1, 50.08, 6.57, 0.99949, 3, -65.76, 29.68, 5.0E-4, 4, 1, 61.25, 19.02, 0.41233, 15, -8.97, -28.82, 0.58677, 2, -31.9, 57.35, 0, 3, -81.86, 34.22, 8.8E-4, 4, 1, 72.58999, 34.89, 0.07954, 15, 10.52, -28.41, 0.92009, 2, -49.17, 66.42, 0, 3, -101.1, 37.41999, 3.6E-4, 4, 1, 91.79, 71.97, 0.02573, 15, 51.72, -21.6, 0.97336, 2, -88.53, 80.37, 1.0E-5, 3, -142.86, 38.32, 8.9E-4, 4, 1, 96.09, 100.61, 1.0E-5, 15, 77.24, -7.91, 0.99997, 2, -117.49, 80.71, 0, 3, -170.47, 29.57, 1.0E-5, 3, 1, 76.54, 109.4, 1.0E-5, 15, 72.58999, 13, 0.99998, 2, -123.53, 60.14, 0, 2, 1, 49.25, 106.61, 0.14582, 15, 54.02, 33.2, 0.85417, 2, 1, 32.59999, 89.81, 0.31082, 15, 30.6, 36.49, 0.68917, 2, 1, 18.71999, 82.25, 0.83943, 15, 16.24, 43.09, 0.16056, 3, 1, -5.11, 77.22, 0.91391, 15, -2.05, 59.18, 0.048, 14, 3.04, -60.47, 0.03808, 2, 1, -27.35, 87.44, 0.75787, 14, 24.21, -48.2, 0.24212, 3, 1, -41.54, 98.53, 0.16242, 14, 41.45, -43, 0.83708, 16, -42.83, -65.61, 4.8E-4, 4, 1, -54.05, 106.96, 0.00263, 15, -7.5, 116.18, 0.02515, 14, 55.55, -37.64, 0.92652, 16, -32.27, -54.84, 0.04568, 4, 1, -74.35, 125.51, 1.4E-4, 15, -4.78, 143.55, 0.00627, 14, 82.41, -31.75, 0.81754, 16, -10.32, -38.25999, 0.17603, 3, 15, -1.4, 153.1, 2.5E-4, 14, 92.54, -32.00999, 0.60675, 16, -1.01, -34.25999, 0.39299, 2, 14, 100.62, -37.86, 0.33847, 16, 8.76, -36.18999, 0.66152, 2, 14, 117.02, -49.3, 0.13549, 16, 28.45, -39.74, 0.8645, 1, 16, 55.59, -40.45, 1, 2, 16, 83.33, -36.33, 0.92669, 17, -10.6, -11.59, 0.07329, 2, 16, 92.76, -30.93, 0.09793, 17, -0.08, -14.31, 0.90206, 1, 17, 16.06, -16.11, 1, 1, 17, 44.1, -11.17, 1, 1, 17, 62.7, -2.95, 1, 3, 14, 222.66, -25.15, 2.0E-5, 16, 114.34, 26.37, 0.13331, 17, 55.36, 11.64, 0.86666, 3, 14, 216.44, -20.19, 4.5E-4, 16, 106.6, 28.28, 0.42261, 17, 48.75, 24.08, 0.57693, 3, 14, 207.4, -10.55, 8.1E-4, 16, 94.36, 33.25999, 0.66584, 17, 45.88, 30.52, 0.33333, 3, 14, 195, -0.84, 0.00298, 16, 79.03, 36.88, 0.8859, 17, 37.43, 43.82, 0.11111, 2, 14, 163.25, 18.20999, 0.00655, 16, 42.22, 40.93, 0.99344, 2, 14, 137.03, 27.28, 0.05801, 16, 14.6, 38.21, 0.94198, 2, 14, 121.08, 29.34, 0.16158, 16, -0.74, 33.41, 0.83841, 2, 14, 112.15, 29.87, 0.33221, 16, -9.07, 30.16, 0.66778, 2, 14, 103.46, 30.64, 0.60759, 16, -17.29, 27.22, 0.39239, 2, 14, 72.6, 30.93, 0.83736, 16, -45.45, 14.59, 0.16263, 2, 14, 34.88, 26.01, 0.9936, 16, -77.67, -5.65, 0.00639, 3, 1, -81.94, 40.50999, 0.30239, 14, 17.34, 23.46, 0.6976, 16, -92.53, -15.3, 0, 3, 1, -74.65, 29.42, 0.60736, 14, 4.08, 23.89, 0.39263, 16, -104.76, -20.45, 0, 4, 1, -66.51, 14.76, 0.78491, 14, -12.58, 25.69, 0.21277, 16, -120.66, -25.78, 0, 3, -21.76, -78.62, 0.0023, 4, 1, -64.78, 1.05999, 0.77424, 14, -24.77, 32.16999, 0.13585, 16, -134.45, -24.99, 0, 3, -10.22999, -71.03, 0.08989, 4, 1, -66.04, -8.97, 0.68679, 16, -144.09, -21.92, 0, 3, -0.66, -67.74, 0.31202, 4, -6.48, -43.26, 0.00116, 4, 1, -73.83999, -15.03, 0.38179, 16, -148.63, -13.14, 0, 3, 8.22, -72.07, 0.49072, 4, 1.16999, -37.00999, 0.12748, 4, 1, -83.9, -20.07, 0.19577, 16, -151.75, -2.33, 0, 3, 17.17, -78.89, 0.55657, 4, 11.1, -31.74, 0.24764, 3, 1, -95.71, -27.6, 0.10164, 3, 29.13, -86.18, 0.54542, 4, 22.74, -23.93, 0.35293, 3, 1, -107.32, -47.56, 0.07677, 3, 52.17, -87.81, 0.57428, 4, 33.88, -3.69, 0.34892, 3, 1, -106.31, -68.39, 0.03831, 3, 70.42, -77.73, 0.62598, 4, 32.38, 17.1, 0.3357, 3, 1, -89.67, -86.04, 0.01311, 3, 78.94999, -55.01, 0.76821, 4, 15.32, 34.36, 0.21866, 1, 3, 84.45, -24.67, 1, 2, 1, 30.77, 65.08, 0.7233, 15, 9.68999, 23.15, 0.27669, 1, 1, 12.65, 15.26, 1, 3, 16, -165.71, -55.73, 0, 2, 23.09, -26.03, 0.72213, 3, -3.47, -27.71, 0.27785, 1, 1, 11.95, -10.77, 1, 1, 14, 62.53, 12.76, 1, 1, 3, 51.75, -38.97, 1, 3, 1, -11.15, -0.35, 0.71938, 14, -56.85, -10.81, 0.08552, 2, -2.81, -11.72, 0.19508, 3, 16, -192.92, -49.7, 0, 2, 50.81, -23.18, 0.05995, 3, 21.94, -16.32, 0.94004, 1, 16, 37, -19.27, 1, 1, 3, 32.75999, 14.89, 1, 2, 2, 31.52, 1.54, 0.468, 3, -4.12, 1.11, 0.53199, 2, 15, -36.13, 128.74, 1.1E-4, 14, 58.63, -6.53, 0.99988, 1, 15, 31.21, 7.42, 1, 1, 16, 6.55, 4.94999, 1, 3, 1, 40.25, 32.62, 0.73018, 15, -10.64, -3.85, 0.26962, 3, -84.83, 9.38, 1.8E-4, 2, 1, -52.52, 39.57, 0.42399, 14, -0.38, -0.04, 0.57599, 3, 1, 28.59, -32.06, 0.4151, 2, 23.16, 31.98, 0.19535, 3, -21.6, 27.4, 0.38953, 3, 1, -84.36, -45.92, 0.10306, 3, 40.58, -67.92, 0.5254, 4, 10.96, -5.87, 0.37152, 5, 1, -45.81, 2.06, 0.90915, 14, -34.9, 16.11, 0.04371, 16, -136.93, -43.82, 0, 2, -0.46, -46.39, 0.04497, 3, -19.46999, -54.44, 0.00215, 3, 1, -54.85, -33.97, 0.03193, 2, 36.46, -50.42, 0.01639, 3, 16.86, -46.68, 0.95165, 1, 1, 6.02, 47.78, 1, 2, 16, 91.17, 10.5, 0.91199, 17, 27.7, 16.45999, 0.088, 1, 14, 84, 0.64, 1, 1, 3, 53.65, -11.25, 1, 1, 1, 32.37, -0.52999, 1, 1, 16, 49.15, 13.5, 1, 1, 1, -21.79, 28.41, 1, 2, 1, -23.76, 58.6, 0.89677, 14, -1.41, -34.50999, 0.10322, 1, 16, 73.51, -17.7, 1, 1, 3, 36.05, -28.3, 1, 4, 1, 16.92, -58.8, 0.0867, 16, -208.22, -94.43, 0, 2, 51.25, 24.07, 0.04854, 3, 7.54, 28.7, 0.86475, 3, 1, -63.89, 71.66, 5.3E-4, 15, -41.66999, 102.95, 0.01015, 14, 32.39, -9.25, 0.9893, 2, 1, -41.81, 71.16, 0.017, 14, 19.25, -27, 0.98299, 1, 1, -3.56, 22.78, 1, 1, 17, -0.09, -2.88, 1, 1, 17, 43.03, 2.03, 1 ],
				"hull": 53,
				"edges": [ 0, 2, 2, 4, 4, 6, 6, 8, 8, 10, 10, 12, 12, 14, 14, 16, 16, 18, 18, 20, 20, 22, 22, 24, 24, 26, 26, 28, 28, 30, 30, 32, 32, 34, 34, 36, 36, 38, 38, 40, 40, 42, 42, 44, 44, 46, 46, 48, 48, 50, 50, 52, 52, 54, 54, 56, 56, 58, 58, 60, 64, 66, 66, 68, 68, 70, 70, 72, 72, 74, 74, 76, 76, 78, 78, 80, 80, 82, 82, 84, 84, 86, 86, 88, 88, 90, 90, 92, 92, 94, 94, 96, 96, 98, 98, 100, 100, 102, 102, 104, 104, 0, 174, 176, 60, 62, 62, 64 ],
				"width": 274,
				"height": 339
			}
		},
		"bootR": {
			"bootR": {
				"type": "mesh",
				"uvs": [ 0, 0.54474, 0.46746, 1, 0.71832, 1, 1, 0.80288, 1, 0.24718, 0.71458, 0, 0.38509, 0, 0, 0.15389, 0.51169, 0.62779, 0.42963, 0.26122, 0.73117, 0.38791, 0.23532, 0.39703 ],
				"triangles": [ 9, 6, 5, 7, 6, 9, 10, 5, 4, 9, 5, 10, 11, 7, 9, 0, 7, 11, 8, 9, 10, 11, 9, 8, 10, 4, 3, 8, 10, 3, 8, 0, 11, 2, 1, 8, 1, 0, 8, 3, 2, 8 ],
				"vertices": [ -22.6, -25.18, 26.97, -53.71, 49.29, -48.96, 70.91, -27.42, 61.18, 18.21999, 31.45, 33.12, 2.13, 26.87, -29.44, 6.92, 24.39, -22.3, 10.67, 6.25, 39.72, 1.56, -4.23999, -8.58 ],
				"hull": 8,
				"edges": [ 0, 2, 2, 4, 4, 6, 6, 8, 8, 10, 10, 12, 12, 14, 14, 0 ],
				"width": 91,
				"height": 84
			}
		},
		"browL": {
			"browL": {
				"type": "mesh",
				"uvs": [ 0.62764, 0, 0, 0.55392, 0, 1, 0.37349, 1, 1, 0.4836, 1, 0 ],
				"triangles": [ 0, 5, 4, 1, 0, 4, 3, 2, 1, 4, 3, 1 ],
				"vertices": [ 24.48, 8.57, -3.31, 6.09, -6.79, -3.07, 7.17, -8.38, 34.63, -6.66, 38.4, 3.28 ],
				"hull": 6,
				"edges": [ 0, 2, 2, 4, 4, 6, 6, 8, 8, 10, 0, 10 ],
				"width": 40,
				"height": 22
			}
		},
		"browR": {
			"browR": {
				"type": "mesh",
				"uvs": [ 0.32799, 0.01349, 0, 0, 0.01721, 0.47317, 0.66639, 1, 1, 1, 1, 0.60577 ],
				"triangles": [ 2, 1, 0, 2, 0, 5, 3, 2, 5, 3, 5, 4 ],
				"vertices": [ 24.12, -6.57, 32.82, -0.69, 25.44, 8.56, 0.89, 7.05, -7.75, 0.79, -1.97, -7.19 ],
				"hull": 6,
				"edges": [ 0, 2, 2, 4, 4, 6, 6, 8, 8, 10, 0, 10 ],
				"width": 32,
				"height": 25
			}
		},
		"eyelids closed": {
			"eyelids closed": { "x": 7.71, "y": 8.77, "rotation": 3.33, "width": 183, "height": 92 }
		},
		"eyelids open": {
			"eyelids open": {
				"type": "mesh",
				"uvs": [ 0, 0.66298, 0.14307, 0.91808, 0.34607, 0.94181, 0.45207, 0.70056, 0.58607, 0.94972, 0.75507, 1, 0.99997, 0.80932, 1, 0.29912, 0.90697, 0.09741, 0.72297, 0.05391, 0.55697, 0.17058, 0.45697, 0.43161, 0.37697, 0.14883, 0.23197, 0, 0.10068, 0, 0, 0.23386 ],
				"triangles": [ 15, 11, 0, 15, 14, 13, 13, 12, 15, 11, 15, 12, 3, 0, 11, 7, 10, 9, 7, 9, 8, 7, 11, 10, 6, 11, 7, 3, 11, 6, 1, 0, 3, 2, 1, 3, 4, 3, 6, 5, 4, 6 ],
				"vertices": [ -80.37, -10.14, -53.91, -31.34, -18.12, -31.38, -0.74, -8.85999, 24.08, -29.63, 54.03, -32.37, 96.07, -12.92, 93.44, 32.4, 76.06, 49.37, 43.5, 51.35, 14.94, 39.29, -1.27, 15.08, -16.79, 39.38, -43.04, 51.13, -66.11, 49.78, -82.58999, 27.98 ],
				"hull": 16,
				"edges": [ 0, 2, 2, 4, 4, 6, 6, 8, 8, 10, 10, 12, 12, 14, 14, 16, 16, 18, 18, 20, 20, 22, 22, 24, 24, 26, 26, 28, 28, 30, 0, 30 ],
				"width": 176,
				"height": 89
			}
		},
		"hairL": {
			"hairL": {
				"type": "mesh",
				"uvs": [ 0, 0.51919, 0.0632, 0.70911, 0.29876, 0.93436, 0.59811, 0.97853, 0.99999, 1, 0.92691, 0.87253, 0.7257, 0.68703, 0.58339, 0.51036, 0.49506, 0.27186, 0.37728, 0.0157, 0.00922, 0, 0, 0.2807 ],
				"triangles": [ 11, 10, 9, 11, 9, 8, 0, 11, 8, 0, 8, 7, 1, 0, 7, 2, 1, 7, 2, 7, 6, 3, 2, 6, 3, 6, 5, 3, 5, 4 ],
				"vertices": [ 10.89, -19.51, 22.78, -19.87999, 39.63, -12.09, 47.26, 2.4, 55.34, 22.58, 46.84, 21.25, 32.84, 14.47, 20.36, 10.53, 5.27, 10.53, -11.31, 9.35999, -18.49, -9.18, -2.67, -14.98 ],
				"hull": 12,
				"edges": [ 0, 2, 2, 4, 4, 6, 6, 8, 8, 10, 10, 12, 12, 14, 14, 16, 16, 18, 18, 20, 20, 22, 0, 22 ],
				"width": 54,
				"height": 60
			}
		},
		"hairL2": {
			"hairL2": {
				"type": "mesh",
				"uvs": [ 0, 0.35686, 0.08751, 0.53469, 0.27039, 0.74739, 0.4906, 0.8764, 0.74067, 0.94614, 0.95342, 1, 1, 0.9287, 0.82279, 0.78574, 0.6399, 0.59048, 0.51673, 0.35686, 0.37117, 0.09883, 0.26666, 0, 0, 0 ],
				"triangles": [ 3, 2, 8, 3, 8, 7, 4, 3, 7, 5, 4, 7, 6, 5, 7, 0, 12, 11, 0, 11, 10, 0, 10, 9, 1, 0, 9, 2, 1, 9, 2, 9, 8 ],
				"vertices": [ 2, 19, 3.3, -16.42, 0.88765, 20, -37.53, -4.84, 0.11234, 2, 19, 17.99, -18.75, 0.67842, 20, -24.2, -11.44, 0.32157, 2, 19, 38.64, -16.93, 0.38403, 20, -3.94, -15.85, 0.61596, 2, 19, 55.47, -9.35999, 0.14944, 20, 14.38, -13.64, 0.85055, 2, 19, 69.74, 2.45, 0.02565, 20, 31.52, -6.6, 0.97434, 1, 20, 45.83, -0.28, 1, 2, 19, 78.86, 18.5, 0.03594, 20, 45, 6, 0.96405, 2, 19, 62.84, 14.07, 0.18299, 20, 28.38, 6.54, 0.817, 2, 19, 43.28, 11.5, 0.44116, 20, 8.96, 9.91, 0.55883, 2, 19, 23.66, 14.09, 0.73855, 20, -9, 18.21999, 0.26144, 2, 19, 1.61, 16.37999, 0.92483, 20, -29.36, 26.97, 0.07515, 2, 19, -8.74, 14.37, 0.99968, 20, -39.86, 28.15, 3.1E-4, 2, 19, -19.25, -1.37, 0.98639, 20, -54.58, 16.24, 0.0136 ],
				"hull": 13,
				"edges": [ 0, 2, 2, 4, 4, 6, 6, 8, 8, 10, 10, 12, 12, 14, 14, 16, 16, 18, 18, 20, 20, 22, 22, 24, 0, 24 ],
				"width": 71,
				"height": 76
			}
		},
		"hairM": {
			"hairM": {
				"type": "mesh",
				"uvs": [ 0.12393, 0.10157, 0.05237, 0.3157, 0.00704, 0.53875, 0, 0.87482, 0.03805, 1, 0.10007, 1, 0.3577, 0.91645, 0.49881, 0.9119, 0.6344, 0.90753, 0.91588, 0.95512, 1, 0.97891, 0.94689, 0.76775, 0.87056, 0.5566, 0.86818, 0.33949, 0.83955, 0.09562, 0.67496, 0, 0.29568, 0, 0.50907, 0.24347, 0.34406, 0.60578, 0.22208, 0.30093, 0.67769, 0.45813, 0.58656, 0.67825, 0.16063, 0.73851 ],
				"triangles": [ 8, 21, 11, 7, 21, 8, 9, 8, 11, 9, 11, 10, 3, 2, 22, 6, 22, 18, 7, 6, 18, 5, 4, 3, 22, 5, 3, 6, 5, 22, 17, 16, 15, 19, 0, 16, 19, 16, 17, 1, 0, 19, 14, 17, 15, 13, 17, 14, 13, 20, 17, 20, 13, 12, 18, 19, 17, 18, 17, 20, 21, 18, 20, 21, 20, 12, 2, 19, 18, 19, 2, 1, 22, 2, 18, 21, 12, 11, 7, 18, 21 ],
				"vertices": [ 1, 21, -2.06, -32.41999, 1, 1, 21, 14.88, -38.04, 1, 2, 21, 32.34, -41.09, 0.66666, 23, 16.65, -10.85, 0.33333, 2, 21, 58.19, -39.83, 0.33453, 23, 42.21, -6.71, 0.66546, 3, 21, 67.53, -35.46, 0.16544, 23, 51, -1.33, 0.82718, 22, 13.17, -79.12, 0.00736, 3, 21, 67.08, -29.52, 0.14636, 23, 49.89, 4.51, 0.76915, 22, 15.99, -73.87, 0.08447, 3, 21, 58.82, -5.34, 0.23615, 23, 38.98, 27.62, 0.49129, 22, 22.04, -49.05, 0.27254, 3, 21, 57.45, 8.13, 0.22896, 23, 36.12, 40.87, 0.35342, 22, 28.15, -36.95, 0.4176, 3, 21, 56.14, 21.09, 0.22206, 23, 33.37, 53.6, 0.22094, 22, 34.02, -25.33, 0.55699, 3, 21, 57.77, 48.31, 0.13017, 23, 31.95, 80.83, 0.05675, 22, 50.05, -3.27, 0.81307, 3, 21, 58.99, 56.5, 0.1503, 23, 32.25, 89.1, 0.00247, 22, 55.49, 2.97, 0.84722, 2, 21, 43.16, 50.19, 0.33347, 22, 38.75999, 6.18, 0.66652, 2, 21, 27.5, 41.66999, 0.66666, 22, 20.96999, 7.43, 0.33333, 1, 21, 10.85, 40.18999, 1, 1, 21, -7.66, 36.04, 1, 1, 21, -13.82, 19.73, 1, 1, 21, -11.1, -16.57, 1, 1, 21, 6.05, 5.26, 1, 3, 21, 35.06, -8.43999, 0.61317, 23, 15.72, 21.89, 0.38471, 22, 0.36, -38.87, 0.0021, 1, 21, 12.53, -21.88, 1, 1, 21, 21.32, 22.64, 1, 3, 21, 38.88, 15.18, 0.59023, 23, 16.87999, 45.8, 0.17654, 22, 16.29999, -21.01, 0.23321, 3, 21, 46.57, -25.23, 0.47519, 23, 29.03, 6.48, 0.52382, 22, 1.01, -59.22, 9.8E-4 ],
				"hull": 17,
				"edges": [ 0, 2, 2, 4, 4, 6, 6, 8, 8, 10, 10, 12, 16, 18, 18, 20, 20, 22, 22, 24, 24, 26, 26, 28, 28, 30, 30, 32, 32, 0, 12, 14, 14, 16 ],
				"width": 96,
				"height": 77
			}
		},
		"hairM blob": {
			"hairM blob": {
				"type": "mesh",
				"uvs": [ 0.69346, 0, 0.31103, 0.03982, 0, 0.45391, 0.05436, 1, 0.4984, 0.99804, 1, 0.5292, 0.95526, 0.08774 ],
				"triangles": [ 5, 4, 1, 0, 5, 1, 5, 0, 6, 2, 1, 4, 3, 2, 4 ],
				"vertices": [ -2.84, -14.32, -0.19, -25.63, 19.08, -33.54, 43.46, -30.07, 42.37, -16.79, 20.20999, -3.37, 0.5, -6.19 ],
				"hull": 7,
				"edges": [ 0, 2, 2, 4, 4, 6, 6, 8, 8, 10, 10, 12, 0, 12 ],
				"width": 30,
				"height": 45
			}
		},
		"hairM blobS": {
			"hairM blobS": {
				"type": "mesh",
				"uvs": [ 0.94868, 0.00232, 0.40005, 0, 0, 0.64141, 0.13055, 1, 0.6118, 0.94556, 1, 0.30261 ],
				"triangles": [ 5, 4, 1, 5, 1, 0, 2, 1, 4, 3, 2, 4 ],
				"vertices": [ 6.33, 5.59, 6.94, -3.16, 20.20999, -8.58, 27.21, -5.96, 25.54, 1.62, 12.26, 6.85 ],
				"hull": 6,
				"edges": [ 0, 2, 2, 4, 4, 6, 6, 8, 8, 10, 0, 10 ],
				"width": 16,
				"height": 20
			}
		},
		"hairR": {
			"hairR": {
				"type": "mesh",
				"uvs": [ 0.32525, 0.09815, 0.12488, 0.25779, 0, 0.48767, 0.02147, 0.73351, 0.11842, 0.89315, 0.28, 1, 0.48037, 1, 0.41574, 0.88038, 0.40281, 0.71435, 0.66781, 0.45893, 0.84878, 0.26737, 1, 0.15562, 0.99744, 0, 0.64842, 0 ],
				"triangles": [ 10, 13, 12, 10, 12, 11, 9, 13, 10, 0, 13, 9, 9, 1, 0, 8, 1, 9, 2, 1, 8, 3, 2, 8, 4, 3, 8, 4, 8, 7, 5, 4, 7, 5, 7, 6 ],
				"vertices": [ -9.09, -6.81, 5.36, -12.64, 25.03, -14.42, 44.98, -10.06, 57.36, -3.88, 64.96, 4.16, 63.56, 12.25, 54.23, 7.94, 40.74, 5.06, 18, 12.14, 1.05999, 16.73, -9.13, 21.25, -21.84, 18.93, -19.39, 4.84 ],
				"hull": 14,
				"edges": [ 0, 2, 2, 4, 4, 6, 6, 8, 8, 10, 10, 12, 12, 14, 14, 16, 16, 18, 18, 20, 20, 22, 22, 24, 24, 26, 0, 26 ],
				"width": 41,
				"height": 83
			}
		},
		"hairR2": {
			"hairR2": {
				"type": "mesh",
				"uvs": [ 0.89239, 0, 0.74016, 0.07452, 0.55691, 0.2267, 0.44133, 0.29491, 0.29192, 0.33689, 0.16505, 0.33427, 0.00718, 0.31328, 0, 0.41036, 0.15378, 0.44972, 0.25245, 0.47333, 0.35394, 0.46546, 0.43875, 0.42724, 0.43287, 0.45234, 0.37085, 0.60714, 0.3483, 0.78818, 0.38213, 0.9666, 0.49207, 0.9666, 0.66686, 0.48907, 1, 0.14536, 1, 0, 0.60766, 0.30016, 0.51389, 0.3818 ],
				"triangles": [ 21, 3, 2, 8, 5, 9, 9, 4, 10, 9, 5, 4, 11, 10, 4, 8, 7, 5, 11, 4, 3, 7, 6, 5, 11, 3, 21, 21, 2, 20, 17, 16, 14, 16, 15, 14, 17, 14, 13, 13, 12, 17, 12, 21, 17, 18, 20, 1, 1, 0, 18, 21, 20, 17, 18, 17, 20, 20, 2, 1, 0, 19, 18, 12, 11, 21 ],
				"vertices": [ 1, 25, -2.69, -5.03, 1, 2, 25, 11.45, -12.85, 0.97293, 26, -22.59, -25.83, 0.02706, 2, 25, 33.79, -19.14, 0.26299, 26, -3.55, -12.55, 0.737, 1, 26, 8.47999, -7.18, 1, 1, 26, 24.96, -5.77, 1, 1, 26, 37.43, -7.71, 1, 1, 26, 51.97, -11.39, 1, 1, 26, 53.68, -1.71, 1, 1, 26, 39.72, 3.77, 1, 1, 26, 30.55, 7.25, 1, 1, 26, 19.9, 8.16, 1, 2, 25, 56.79, -17.09, 0.18536, 26, 9.47, 6.51, 0.81463, 1, 25, 59.2, -16.03, 1, 1, 25, 75.47, -12.31, 1, 2, 25, 91.91, -4.04, 0.99835, 26, 21.69, 41.93999, 0.00164, 1, 25, 105.23, 8.51, 1, 1, 25, 99.55, 17.14, 1, 1, 25, 50.22, 4.38, 1, 2, 25, 4.01, 11.48, 0.99999, 26, -46.12, -16.11, 0, 2, 25, -8.25, 3.41, 1, 26, -47.68, -30.72, 0, 1, 25, 37.33, -10.74, 1, 1, 25, 49.07, -13.58, 1 ],
				"hull": 20,
				"edges": [ 0, 2, 2, 4, 4, 6, 6, 8, 8, 10, 10, 12, 12, 14, 14, 16, 16, 18, 18, 20, 24, 26, 26, 28, 28, 30, 30, 32, 32, 34, 34, 36, 36, 38, 0, 38, 40, 4, 20, 22, 24, 42, 42, 40, 22, 42, 22, 24 ],
				"width": 94,
				"height": 101
			}
		},
		"hairSide": {
			"hairSide": {
				"type": "mesh",
				"uvs": [ 0.86288, 0.88915, 0.22757, 0.9212, 0.00508, 0.04663, 0.99221, 0.44959 ],
				"triangles": [ 3, 1, 2, 0, 1, 3 ],
				"vertices": [ -1, 7.56, 29.24, 11.54, 42.07, -8.18999, -6.06, -3.57 ],
				"hull": 4,
				"edges": [ 0, 2, 2, 4, 4, 6, 0, 6 ],
				"width": 48,
				"height": 24
			}
		},
		"head": {
			"head": {
				"type": "mesh",
				"uvs": [ 0.24206, 0, 0, 0.45222, 9.0E-5, 0.80446, 0.28242, 1, 0.64097, 1, 0.93277, 0.93463, 0.98244, 0.80292, 0.99999, 0.41699, 0.88777, 0.16274, 0.64718, 0 ],
				"triangles": [ 9, 8, 1, 3, 2, 1, 7, 6, 3, 9, 1, 0, 1, 8, 7, 6, 4, 3, 1, 7, 3, 5, 4, 6 ],
				"vertices": [ 193.43, 73.89, 83.29, 107.23, 5.5, 92.1, -25.72, 22.18, -10.54, -55.95, 16.25, -116.73, 47.44, -121.91, 133.42, -109.16, 184.82, -73.8, 210.58, -14.38 ],
				"hull": 10,
				"edges": [ 0, 2, 2, 4, 4, 6, 6, 8, 8, 10, 10, 12, 12, 14, 14, 16, 16, 18, 0, 18 ],
				"width": 222,
				"height": 225
			}
		},
		"indexL": {
			"indexL": {
				"type": "mesh",
				"uvs": [ 0.27265, 0.05076, 0.07156, 0.21655, 0.02393, 0.36472, 0.11389, 0.73513, 0.35202, 0.91152, 0.65893, 0.97855, 0.89177, 0.86566, 0.98173, 0.63283, 0.92352, 0.25888, 0.8071, 0.08955, 0.60073, 0 ],
				"triangles": [ 2, 1, 0, 0, 8, 2, 10, 8, 0, 9, 8, 10, 3, 2, 8, 3, 8, 7, 7, 4, 3, 7, 5, 4, 6, 5, 7 ],
				"vertices": [ 26.34, 4.6, 20.98, 10.1, 15.82, 11.86, 2.33, 11.3, -4.65, 6.38, -7.92, -0.64, -4.54, -6.67, 3.51, -9.81, 17.04999, -10.02, 23.43, -7.97, 27.22, -3.43 ],
				"hull": 11,
				"edges": [ 0, 2, 2, 4, 4, 6, 6, 8, 8, 10, 10, 12, 12, 14, 14, 16, 16, 18, 18, 20, 0, 20, 4, 16, 6, 14 ],
				"width": 24,
				"height": 36
			}
		},
		"indexR": {
			"indexR": {
				"type": "mesh",
				"uvs": [ 0.36032, 0, 0.28713, 0.09647, 0.17785, 0.24051, 0, 0.52251, 0.07832, 0.85151, 0.28291, 0.93208, 0.52068, 0.93208, 0.68103, 0.67023, 0.84138, 0.6098, 0.94644, 0.3748, 0.94091, 0.17337, 0.70867, 0.05251, 0.45985, 0, 0.50962, 0.38823 ],
				"triangles": [ 13, 12, 11, 1, 0, 12, 13, 1, 12, 11, 9, 13, 9, 11, 10, 8, 13, 9, 7, 13, 8, 3, 5, 4, 2, 1, 13, 13, 3, 2, 13, 5, 3, 5, 13, 7, 6, 5, 7 ],
				"vertices": [ 9.2, -14.52, 12.54, -12.99, 17.53, -10.71, 26.16, -5.77, 27.28, 3.74, 21.74, 8.52, 14.28, 11.65, 6.42, 7, 0.73, 7.55, -5.1, 2.87, -7.11, -2.39, -1.14, -8.57, 6.08, -13.21, 8.72999, -2.53 ],
				"hull": 13,
				"edges": [ 4, 6, 6, 8, 8, 10, 10, 12, 12, 14, 14, 16, 16, 18, 18, 20, 20, 22, 22, 24, 0, 24, 0, 2, 2, 4 ],
				"width": 34,
				"height": 28
			}
		},
		"inmouth": {
			"inmouth": { "x": 1.53, "y": 3.93, "rotation": -1.02, "width": 46, "height": 55 }
		},
		"irisL": {
			"irisL": {
				"type": "mesh",
				"uvs": [ 0.50042, 8.0E-5, 0.26704, 0.08083, 0.08101, 0.25455, 0.00321, 0.46742, 0.08777, 0.70966, 0.28057, 0.92987, 0.48689, 0.99838, 0.70336, 0.92987, 0.92998, 0.69987, 1, 0.45029, 0.9266, 0.24721, 0.75748, 0.07349 ],
				"triangles": [ 8, 10, 9, 4, 2, 1, 3, 2, 4, 8, 4, 1, 11, 1, 0, 10, 1, 11, 8, 1, 10, 7, 5, 4, 8, 7, 4, 6, 5, 7 ],
				"vertices": [ 0.86, 22.88, -7.07, 19.08, -13.39, 10.92, -16.04, 0.91, -13.16, -10.46, -6.61, -20.81, 0.4, -24.03, 7.76, -20.81, 15.46, -10, 17.84, 1.72, 15.35, 11.26, 9.6, 19.43 ],
				"hull": 12,
				"edges": [ 0, 2, 2, 4, 4, 6, 6, 8, 8, 10, 10, 12, 12, 14, 14, 16, 16, 18, 18, 20, 20, 22, 0, 22 ],
				"width": 34,
				"height": 47
			}
		},
		"irisL flatspec": {
			"irisL flatspec": {
				"type": "mesh",
				"uvs": [ 0.86335, 0.82292, 0.10561, 0.78759, 0.06831, 0.15344, 0.96892, 0.16522 ],
				"triangles": [ 0, 1, 2, 3, 0, 2 ],
				"vertices": [ 16.54, -10.97, 2.14, -10.62, 1.43, -4.28, 18.54, -4.4 ],
				"hull": 4,
				"edges": [ 0, 2, 2, 4, 4, 6, 0, 6 ],
				"width": 19,
				"height": 10
			}
		},
		"irisL spec": {
			"irisL spec": {
				"type": "mesh",
				"uvs": [ 0.86251, 0.79041, 0.11006, 0.75378, 0.25366, 1.0E-5, 0.96942, 0.04714 ],
				"triangles": [ 0, 2, 3, 1, 2, 0 ],
				"vertices": [ 0.57, 3.49, -12.97, 4.26, -10.38, 20.09, 2.49, 19.1 ],
				"hull": 4,
				"edges": [ 0, 2, 2, 4, 4, 6, 0, 6 ],
				"width": 18,
				"height": 21
			}
		},
		"irisR": {
			"irisR": {
				"type": "mesh",
				"uvs": [ 0.52601, 0.01062, 0.25542, 0.08402, 0.08293, 0.25774, 0.00851, 0.4804, 0.09307, 0.70306, 0.26895, 0.91104, 0.52601, 1, 0.76616, 0.91593, 0.91498, 0.71285, 1, 0.47551, 0.93528, 0.24796, 0.75939, 0.07668 ],
				"triangles": [ 4, 2, 1, 3, 2, 4, 8, 11, 10, 8, 10, 9, 1, 8, 4, 4, 8, 5, 1, 0, 8, 11, 8, 0, 7, 5, 8, 6, 5, 7 ],
				"vertices": [ -0.1, 22.31, -9.3, 18.86, -15.17, 10.69, -17.7, 0.23, -14.82, -10.22999, -8.84, -20, -0.1, -24.18, 8.05, -20.23, 13.11, -10.69, 16, 0.46, 13.8, 11.15, 7.82, 19.2 ],
				"hull": 12,
				"edges": [ 0, 2, 2, 4, 4, 6, 6, 8, 8, 10, 10, 12, 12, 14, 14, 16, 16, 18, 18, 20, 20, 22, 0, 22 ],
				"width": 34,
				"height": 47
			}
		},
		"irisR flatspec": {
			"irisR flatspec": {
				"type": "mesh",
				"uvs": [ 0.8498, 0.80682, 0.06439, 0.76397, 0.07509, 0.12877, 0.94096, 0.24675 ],
				"triangles": [ 1, 2, 3, 0, 1, 3 ],
				"vertices": [ 12.7, -6.86, -4.57, -6.39, -4.33, 0.58999, 14.7, -0.7 ],
				"hull": 4,
				"edges": [ 0, 2, 2, 4, 4, 6, 0, 6 ],
				"width": 22,
				"height": 11
			}
		},
		"irisR spec": {
			"irisR spec": {
				"type": "mesh",
				"uvs": [ 0.83035, 0.9236, 0.05166, 0.85421, 0.20652, 0.09722, 0.95572, 0.11107 ],
				"triangles": [ 0, 2, 3, 1, 2, 0 ],
				"vertices": [ -1.1, 3.51, -13.56, 4.69, -11.08, 17.56, 0.9, 17.32 ],
				"hull": 4,
				"edges": [ 0, 2, 2, 4, 4, 6, 0, 6 ],
				"width": 16,
				"height": 17
			}
		},
		"middleL": {
			"middleL": {
				"type": "mesh",
				"uvs": [ 0.56585, 0.02295, 0.30716, 0.12726, 0.15283, 0.2387, 0.01668, 0.58288, 0.0666, 0.7861, 0.25268, 0.94671, 0.55676, 0.95654, 0.83814, 0.76316, 0.95159, 0.48459, 0.93346, 0.24203, 0.8382, 0.07484 ],
				"triangles": [ 0, 10, 9, 8, 0, 9, 1, 0, 8, 2, 1, 8, 7, 2, 8, 3, 2, 7, 5, 4, 3, 3, 6, 5, 7, 6, 3 ],
				"vertices": [ 28.67, 3.86, 23.09, 9.18, 18.07, 11.82, 5.19, 11.54, -1.41, 8.14, -5.5, 1.8, -3.5, -5.84, 5.3, -10.77, 15.76, -10.62, 23.96, -7.59, 28.98, -3.45 ],
				"hull": 11,
				"edges": [ 0, 2, 2, 4, 4, 6, 6, 8, 8, 10, 10, 12, 12, 14, 14, 16, 16, 18, 18, 20, 0, 20, 4, 16, 6, 14 ],
				"width": 26,
				"height": 36
			}
		},
		"middleR": {
			"middleR": {
				"type": "mesh",
				"uvs": [ 0.58054, 0.02406, 0.33431, 0.17106, 0.06666, 0.32506, 0.00778, 0.54906, 0.07737, 0.82906, 0.29148, 1, 0.53772, 0.86406, 0.66619, 0.82206, 0.84284, 0.85006, 0.97131, 0.64706, 0.98736, 0.31106, 0.60322, 0.46044, 0.33022, 0.59344 ],
				"triangles": [ 11, 0, 10, 1, 0, 11, 12, 2, 1, 12, 1, 11, 3, 2, 12, 9, 11, 10, 7, 11, 9, 6, 12, 11, 4, 3, 12, 8, 7, 9, 7, 6, 11, 5, 4, 12, 6, 5, 12 ],
				"vertices": [ 4.37, -13.19, 13.29, -10.93, 22.96, -8.60999, 25.97, -3.24, 24.94, 4.34, 18.57, 10.01, 9.7, 8.03, 5.21, 7.74, -0.56, 9.53, -5.8, 5.12, -7.9, -3.37, 5.64, -1.89, 15.39, -0.14 ],
				"hull": 11,
				"edges": [ 0, 2, 2, 4, 4, 6, 6, 8, 8, 10, 10, 12, 12, 14, 14, 16, 16, 18, 18, 20, 0, 20, 22, 24 ],
				"width": 34,
				"height": 26
			}
		},
		"mouth": {
			"mouth": { "x": 1.05, "y": 2.98, "rotation": -1.02, "width": 89, "height": 83 }
		},
		"nose": {
			"nose": {
				"type": "mesh",
				"uvs": [ 1, 0.59333, 0.31942, 0.98575, 0.00201, 0.51279, 0.81751, 0 ],
				"triangles": [ 2, 3, 0, 1, 2, 0 ],
				"vertices": [ 66.01999, 9.54, 60.74, 16.14, 64.72, 20.46999, 71.46, 12.65 ],
				"hull": 4,
				"edges": [ 0, 2, 2, 4, 4, 6, 0, 6 ],
				"width": 11,
				"height": 10
			}
		},
		"pinkyL": {
			"pinkyL": {
				"type": "mesh",
				"uvs": [ 0.3883, 0.02395, 0.06918, 0.31172, 0.00906, 0.71872, 0.32818, 1, 0.79067, 0.83383, 1, 0.46794, 0.83692, 0.09383 ],
				"triangles": [ 5, 4, 0, 5, 0, 6, 1, 0, 4, 3, 2, 1, 4, 3, 1 ],
				"vertices": [ 10.28, 12, -0.46, 10.10999, -8, 1.99, -6.16, -8.63, 5.47, -11.4, 15.29, -6.26, 17.95999, 4.23 ],
				"hull": 7,
				"edges": [ 0, 2, 2, 4, 4, 6, 6, 8, 8, 10, 10, 12, 0, 12 ],
				"width": 24,
				"height": 27
			}
		},
		"pinkyR": {
			"middleR": {
				"type": "mesh",
				"uvs": [ 0.53113, 0.03869, 0.33308, 0.19269, 0.10825, 0.29069, 0, 0.57768, 0.04402, 0.78068, 0.18319, 0.91368, 0.39196, 0.98368, 0.59537, 0.83668, 0.77737, 0.86468, 0.91119, 0.73868, 0.99684, 0.47968, 0.91654, 0.24869, 0.76666, 0.10869, 0.52043, 0.52868 ],
				"triangles": [ 13, 1, 0, 13, 0, 12, 13, 12, 11, 13, 11, 10, 9, 13, 10, 13, 4, 3, 7, 13, 9, 8, 7, 9, 3, 2, 13, 13, 2, 1, 6, 5, 13, 5, 4, 13, 7, 6, 13 ],
				"vertices": [ 7.25, -13.24, 14.54, -10.35999, 22.49, -9.07, 27.31, -2.29, 26.68, 3.15, 22.56, 7.32, 15.84, 10.25, 8.39999, 7.58, 2.41, 9.29, -2.59999, 6.78, -6.55, 0.58999, -4.81, -5.76, -0.36, -10.17, 9.64, -0.72 ],
				"hull": 13,
				"edges": [ 0, 2, 2, 4, 4, 6, 6, 8, 8, 10, 10, 12, 12, 14, 14, 16, 16, 18, 18, 20, 20, 22, 22, 24, 0, 24 ],
				"width": 34,
				"height": 26
			}
		},
		"pony1": {
			"pony1": {
				"type": "mesh",
				"uvs": [ 0, 0.13329, 0.13824, 0.27986, 0.24274, 0.41991, 0.32824, 0.58277, 0.33792, 0.66575, 0.34724, 0.74563, 0.34724, 0.81699, 0.34724, 0.90197, 0.32824, 0.99969, 0.45, 0.98684, 0.48609, 0.98303, 0.63699, 0.96711, 0.83259, 0.95658, 1, 0.94757, 1, 0.86614, 0.96762, 0.78148, 0.93149, 0.687, 0.8884, 0.60724, 0.83649, 0.51111, 0.74295, 0.41244, 0.65124, 0.31569, 0.50399, 0.19191, 0.29024, 0.0486, 0.17624, 0, 0.00524, 0, 0.67788, 0.7395, 0.59398, 0.54813, 0.47976, 0.69723, 0.8721, 0.85824, 0.5766, 0.86607, 0.50503, 0.80776, 0.47478, 0.81588 ],
				"triangles": [ 10, 29, 11, 29, 30, 25, 25, 17, 16, 28, 25, 16, 28, 16, 15, 28, 15, 14, 28, 14, 13, 12, 25, 28, 12, 28, 13, 30, 29, 10, 11, 29, 25, 12, 11, 25, 27, 4, 3, 5, 4, 27, 30, 27, 25, 31, 5, 27, 30, 31, 27, 6, 5, 31, 7, 6, 31, 30, 10, 31, 9, 7, 31, 10, 9, 31, 8, 7, 9, 27, 26, 25, 26, 21, 20, 26, 20, 19, 2, 21, 26, 3, 2, 26, 26, 27, 3, 18, 25, 26, 18, 26, 19, 25, 18, 17, 23, 0, 24, 1, 23, 22, 1, 22, 21, 1, 0, 23, 2, 1, 21 ],
				"vertices": [ 1, 42, -2.75, -10.57, 1, 1, 42, 15.34, -13.42, 1, 2, 42, 31.32, -17.62, 0.18389, 43, 5.57, -15.62, 0.8161, 2, 43, 23.6, -17.94, 0.66187, 44, 0.72, -10.56, 0.33812, 2, 43, 31.67, -21.29, 0.49237, 44, 9.43999, -9.97, 0.50761, 2, 43, 39.43999, -24.52, 0.33096, 44, 17.84, -9.39999, 0.66903, 2, 43, 46.11, -27.94, 0.30664, 44, 25.33, -9.49, 0.69335, 1, 44, 34.25999, -9.6, 1, 1, 44, 44.51, -11.09, 1, 1, 44, 43.26, -2.31, 1, 3, 43, 66.18, -27, 0.00552, 44, 42.89, 0.29, 0.30346, 45, 33.87, -32.09, 0.691, 2, 44, 41.34999, 11.18, 0.22585, 45, 36.79, -21.5, 0.77414, 2, 44, 40.41, 25.27, 0.09713, 45, 41.55, -8.2, 0.90286, 1, 45, 45.63, 3.18, 1, 1, 45, 37.83, 6.68, 1, 2, 43, 63.16, 13.51, 0.27286, 45, 28.77, 8.2, 0.72713, 2, 43, 53.15, 15.72, 0.32969, 45, 18.65, 9.89999, 0.6703, 2, 43, 44.28, 16.78, 0.4778, 45, 9.74, 10.5, 0.52218, 2, 43, 33.59, 18.04999, 0.65926, 45, -0.99, 11.23, 0.34073, 2, 43, 21.3, 16.79, 0.8289, 45, -13.2, 9.33, 0.17109, 2, 42, 42.78, 11.59, 0.18399, 43, 9.24, 15.54, 0.816, 1, 42, 26.02, 12.35, 1, 1, 42, 4.55, 10.92, 1, 1, 42, -4.71999, 8.21, 1, 1, 42, -12.93, -0.96, 1, 3, 43, 49.72, -3.04, 0.21699, 44, 17.48, 14.41, 0.57976, 45, 16.19, -9.01, 0.20323, 1, 43, 29.09, 0.74, 1, 3, 43, 39.27, -13.71, 0.04697, 44, 12.87, 0.19, 0.83093, 45, 6.3, -20.2, 0.12208, 2, 44, 30.11, 28.24, 0.06201, 45, 33.3, -1.36, 0.93798, 2, 44, 30.68, 6.95, 0.24265, 45, 25.33, -21.11, 0.75734, 3, 43, 50.43, -17.39, 0.00887, 44, 24.5, 1.87, 0.39099, 45, 17.64, -23.3, 0.60012, 3, 43, 50.19, -19.71999, 0.0276, 44, 25.33, -0.31, 0.91782, 45, 17.52, -25.64, 0.05457 ],
				"hull": 25,
				"edges": [ 0, 2, 2, 4, 4, 6, 14, 16, 26, 28, 40, 42, 42, 44, 44, 46, 46, 48, 0, 48, 50, 52, 32, 34, 34, 36, 6, 8, 8, 10, 10, 12, 12, 14, 28, 30, 30, 32, 36, 38, 38, 40, 22, 24, 24, 26, 20, 22, 26, 56, 20, 60, 60, 54, 54, 62, 16, 18, 18, 20, 62, 18 ],
				"width": 72,
				"height": 105
			}
		},
		"pony2": {
			"pony2": {
				"type": "mesh",
				"uvs": [ 0, 0.01225, 0, 0.16059, 0.07048, 0.25835, 0.10916, 0.31199, 0.14855, 0.36662, 0.20193, 0.43853, 0.24878, 0.50163, 0.28646, 0.55239, 0.31721, 0.5938, 0.34738, 0.63445, 0.38869, 0.68437, 0.42486, 0.7281, 0.47502, 0.78874, 0.51441, 0.83635, 0.68143, 1, 0.81664, 0.95172, 1, 0.88168, 1, 0.79515, 0.83255, 0.65917, 0.76214, 0.61585, 0.70529, 0.58088, 0.63899, 0.54009, 0.57803, 0.50259, 0.54048, 0.4656, 0.49529, 0.42107, 0.44368, 0.37023, 0.39267, 0.31997, 0.33545, 0.2636, 0.30394, 0.21751, 0.27183, 0.17054, 0.20024, 0.06582, 0.14457, 0.00401, 0.55254, 0.65391, 0.67684, 0.74492 ],
				"triangles": [ 32, 22, 21, 15, 33, 18, 16, 15, 17, 18, 33, 19, 15, 18, 17, 33, 32, 20, 33, 20, 19, 20, 32, 21, 11, 10, 32, 13, 33, 14, 14, 33, 15, 33, 13, 32, 13, 12, 32, 12, 11, 32, 4, 28, 27, 4, 3, 28, 3, 29, 28, 3, 2, 29, 2, 30, 29, 2, 1, 30, 1, 31, 30, 1, 0, 31, 10, 9, 32, 32, 9, 22, 9, 23, 22, 23, 8, 24, 23, 9, 8, 8, 7, 24, 7, 25, 24, 7, 6, 25, 6, 26, 25, 6, 5, 26, 5, 27, 26, 5, 4, 27 ],
				"vertices": [ 1, 46, -8.14, 1.04999, 1, 1, 46, 0.99, -7.18, 1, 1, 46, 11.07, -8.10999, 1, 2, 47, -9.35, -8, 0.20667, 46, 16.61, -8.63, 0.79332, 2, 47, -3.74, -8.72999, 0.41715, 46, 22.24, -9.14999, 0.58284, 2, 47, 3.73, -9.59, 0.72759, 46, 29.75, -9.72999, 0.2724, 1, 47, 10.3, -10.34, 1, 3, 47, 15.58, -10.95, 0.94603, 48, -13.96, -12.12, 0.0429, 49, -14.81, -8.14, 0.01105, 3, 47, 19.89, -11.44, 0.85612, 48, -9.63, -11.92, 0.10558, 49, -10.78, -9.76, 0.03829, 3, 47, 24.12, -11.93, 0.71142, 48, -5.38, -11.72, 0.19561, 49, -6.84, -11.35, 0.09295, 3, 47, 29.56, -12.26, 0.5223, 48, 0.04, -11.18, 0.4394, 49, -1.67, -13.12, 0.03829, 3, 47, 34.33, -12.55, 0.31189, 48, 4.8, -10.71, 0.67703, 49, 2.84, -14.67, 0.01105, 3, 47, 40.95, -12.96, 0.13585, 48, 11.4, -10.05, 0.86243, 49, 9.10999, -16.81, 0.0017, 1, 48, 16.58, -9.54, 1, 1, 48, 35.93999, -5.53, 1, 2, 48, 39.31, 6.28, 0.50399, 49, 41.29, -13.55, 0.496, 1, 49, 51.93, -0.54, 1, 1, 49, 48.28, 5.64, 1, 1, 49, 30.14, 8.05, 1, 3, 47, 47.84, 14.74, 0.10666, 48, 13.77, 18.4, 6.6E-4, 49, 23.1, 8.08, 0.89267, 3, 47, 42.35, 13.25, 0.27184, 48, 8.59, 16.04999, 0.00626, 49, 17.42, 8.1, 0.72188, 3, 47, 35.95, 11.52, 0.49123, 48, 2.55, 13.32, 0.02539, 49, 10.78, 8.12, 0.48336, 3, 47, 30.07, 9.92, 0.69316, 48, -2.99, 10.8, 0.06975, 49, 4.69, 8.14, 0.23708, 3, 47, 25.62, 9.74, 0.82519, 48, -7.36, 9.91, 0.02539, 49, 0.35, 9.14, 0.1494, 4, 47, 20.26, 9.52, 0.89665, 46, 45.57, 9.96, 0.01837, 48, -12.62, 8.84, 0.00626, 49, -4.87, 10.35, 0.07869, 4, 47, 14.14, 9.28, 0.89545, 46, 39.47, 9.49, 0.0735, 48, -18.62, 7.62, 6.6E-4, 49, -10.83, 11.74, 0.03036, 2, 47, 8.09, 9.03, 0.8346, 46, 33.43, 9.03, 0.16539, 2, 47, 1.30999, 8.76, 0.64909, 46, 26.66, 8.51, 0.3509, 2, 47, -3.32, 9.47, 0.3443, 46, 22, 9.06, 0.65569, 2, 47, -8.04, 10.2, 0.0337, 46, 17.26, 9.60999, 0.96629, 1, 46, 6.68, 10.86, 1, 1, 46, -0.33, 10.74, 1, 2, 48, 6.04, 1.81, 0.51199, 49, 9.17, -3.79, 0.488, 3, 47, 50.42, 2.02, 0.00322, 48, 18.35, 6.25, 0.48683, 49, 22.22, -4.87, 0.50994 ],
				"hull": 32,
				"edges": [ 0, 2, 26, 28, 28, 30, 30, 32, 32, 34, 34, 36, 60, 62, 0, 62, 2, 4, 58, 60, 18, 20, 20, 22, 22, 24, 24, 26, 40, 42, 42, 44, 36, 38, 38, 40, 66, 64, 54, 56, 56, 58, 50, 52, 52, 54, 8, 10, 10, 12, 4, 6, 6, 8, 12, 14, 48, 50, 14, 16, 16, 18, 44, 46, 46, 48, 44, 18 ],
				"width": 86,
				"height": 83
			}
		},
		"ringL": {
			"ringL": {
				"type": "mesh",
				"uvs": [ 0.53521, 0.0222, 0.95301, 0.12326, 0.88955, 0.66716, 0.45407, 1, 0.06137, 0.87066, 0.08698, 0.36747 ],
				"triangles": [ 2, 0, 1, 5, 0, 2, 3, 4, 5, 2, 3, 5 ],
				"vertices": [ 19.25, 6.34, 22.12, -4.56, 7.2, -11.38, -7.12, -6.65, -8.93, 4.11, 4.42, 11.16 ],
				"hull": 6,
				"edges": [ 0, 2, 2, 4, 4, 6, 6, 8, 8, 10, 0, 10 ],
				"width": 26,
				"height": 30
			}
		},
		"ringR": {
			"indexR": {
				"type": "mesh",
				"uvs": [ 0.34216, 0.00754, 0.1334, 0.26103, 0.01028, 0.43003, 0.03705, 0.81353, 0.19228, 0.95003, 0.45993, 0.99553, 0.71151, 0.69003, 0.83998, 0.61853, 0.9631, 0.31953, 0.97381, 0.15703, 0.68475, 0.05303, 0.50275, 0.01403, 0.53057, 0.38289, 0.35393, 0.59089 ],
				"triangles": [ 8, 10, 9, 12, 11, 10, 12, 10, 8, 0, 12, 1, 12, 0, 11, 13, 1, 12, 2, 1, 13, 7, 12, 8, 6, 12, 7, 13, 12, 6, 3, 2, 13, 4, 3, 13, 5, 13, 6, 4, 13, 5 ],
				"vertices": [ 7.28, -13.61, 16.75, -10.26, 22.57, -7.79, 26.37, 2.28, 23.25, 8, 15.58, 13.07, 4.17999, 9.03, -0.62, 9.10999, -8, 3.35, -10.29, -0.58999, -2.67, -7.45, 2.43, -11.1, 6.03, -1.37, 13.96, 1.29 ],
				"hull": 12,
				"edges": [ 0, 2, 2, 4, 4, 6, 6, 8, 8, 10, 10, 12, 12, 14, 14, 16, 16, 18, 18, 20, 20, 22, 0, 22, 26, 24 ],
				"width": 34,
				"height": 28
			}
		},
		"rotate": {
			"rotate": {
				"type": "mesh",
				"color": "f0100cff",
				"uvs": [ 0.48079, 0, 0.34251, 0.15285, 0, 0.22277, 0, 0.75692, 0.29851, 1, 0.66936, 1, 1, 0.77929, 1, 0.34582, 0.60965, 0.13328 ],
				"triangles": [ 1, 0, 8, 3, 2, 1, 8, 7, 6, 4, 3, 1, 5, 4, 1, 1, 8, 5, 6, 5, 8 ],
				"vertices": [ 65.26999, 1.17999, 47.24, 15.7, 38.99, 51.67, -24.03, 51.67, -52.72, 20.32, -52.72, -18.61, -26.67, -53.32, 24.47, -53.32, 49.55, -12.34 ],
				"hull": 9,
				"edges": [ 0, 2, 2, 4, 4, 6, 6, 8, 8, 10, 10, 12, 12, 14, 14, 16, 0, 16 ],
				"width": 105,
				"height": 118
			}
		},
		"strap": {
			"strap": {
				"type": "mesh",
				"uvs": [ 0.34969, 0, 0.20076, 0.08266, 0.03528, 0.21905, 0.02424, 0.46741, 0.10147, 0.76869, 0, 0.82773, 0, 0.93562, 0.23386, 1, 0.83511, 1, 1, 0.87862, 1, 0.82773, 0.64757, 0.72187, 0.4545, 0.43891, 0.47657, 0.24348, 0.64205, 0.08673, 0.66963, 0.01752 ],
				"triangles": [ 12, 2, 13, 13, 2, 1, 1, 0, 13, 13, 0, 14, 14, 0, 15, 3, 2, 12, 4, 3, 12, 7, 4, 11, 4, 12, 11, 7, 11, 8, 9, 8, 10, 6, 4, 7, 6, 5, 4, 8, 11, 10 ],
				"vertices": [ 1, 56, -7.67, -10.93, 1, 1, 56, 8.72, -14, 1, 2, 2, 58.57, 20.03, 0.02146, 56, 33.82, -14.48, 0.97853, 3, 55, 69.28, 10.57, 0.00935, 2, 16.86, 21.19, 0.97687, 56, 72.49, 1.2, 0.01376, 1, 55, 18.94, 17.69, 1, 1, 55, 10.76, 26.12, 1, 1, 55, -6.86, 30.34, 1, 1, 55, -20.75, 18.75, 1, 1, 55, -29.42, -17.5, 1, 1, 55, -11.97, -32.18, 1, 1, 55, -3.65, -34.16999, 1, 2, 55, 18.71999, -17.06, 0.98247, 2, -26.33, -16.92, 0.01751, 1, 2, 21.34, -5.53, 1, 2, 2, 54.15, -7.27, 0.10496, 56, 26.89, 12.3, 0.89503, 1, 56, -1.35, 11.44, 1, 1, 56, -12.72, 8.46, 1 ],
				"hull": 16,
				"edges": [ 0, 2, 2, 4, 4, 6, 6, 8, 8, 10, 10, 12, 12, 14, 14, 16, 16, 18, 18, 20, 20, 22, 22, 24, 24, 26, 26, 28, 28, 30, 0, 30 ],
				"width": 62,
				"height": 168
			}
		},
		"thumbL": {
			"thumbL": {
				"type": "mesh",
				"uvs": [ 0.02768, 0.34732, 0.02654, 0.705, 0.2247, 0.80529, 0.48611, 0.83593, 0.61892, 0.94736, 0.80232, 0.93621, 0.96886, 0.75793, 1, 0.55457, 0.91616, 0.31779, 0.82762, 0.17851, 0.68216, 0.05872, 0.52616, 0.02251, 0.3807, 0.04479, 0.24789, 0.09215, 0.11719, 0.16736, 0.37101, 0.43959, 0.66614, 0.51109 ],
				"triangles": [ 15, 13, 12, 14, 13, 15, 0, 14, 15, 10, 15, 11, 16, 10, 9, 16, 9, 8, 15, 12, 11, 10, 16, 15, 16, 8, 7, 1, 0, 15, 6, 16, 7, 2, 1, 15, 3, 15, 16, 16, 4, 3, 2, 15, 3, 6, 5, 16, 5, 4, 16 ],
				"vertices": [ 26.92, 6.63, 21.71, 15.19, 13.99, 13.74, 5.3, 9.39999, -0.51, 9.47999, -6.12, 5.66, -8.76, -1.81, -6.76, -7.26, -0.64, -11.28, 4.17999, -12.89, 10.53, -12.93, 15.97, -10.77, 20.23, -7.42, 23.72, -3.71, 26.74, 0.61, 14.74, 2.18, 4.39, -1.83 ],
				"hull": 15,
				"edges": [ 0, 2, 2, 4, 4, 6, 6, 8, 8, 10, 10, 12, 12, 14, 14, 16, 16, 18, 18, 20, 20, 22, 22, 24, 24, 26, 26, 28, 0, 28, 30, 32 ],
				"width": 37,
				"height": 28
			}
		},
		"thumbR": {
			"thumbR": {
				"type": "mesh",
				"uvs": [ 0.66994, 0, 0.47671, 0.20243, 0.2626, 0.17987, 0.06938, 0.33779, 0, 0.68371, 0.10071, 0.93939, 0.40883, 1, 0.6856, 0.89427, 0.80049, 0.63859, 0.9676, 0.37539, 0.95716, 0.16483, 0.84749, 0.07459, 0.39531, 0.5683, 0.58237, 0.52462 ],
				"triangles": [ 1, 9, 13, 11, 1, 0, 11, 9, 1, 9, 11, 10, 12, 2, 1, 12, 1, 13, 3, 2, 12, 8, 13, 9, 4, 3, 12, 7, 13, 8, 5, 4, 12, 7, 6, 12, 7, 12, 13, 5, 12, 6 ],
				"vertices": [ -0.75, -8.32, 7.72, -6.87, 14.38, -10.8, 22.36, -10.35, 28.44, -3.71, 28.03, 3.62, 18.77, 9.89999, 8.66, 11.96, 2.11999, 8.07, -6.18, 4.84, -8.18, -0.03, -5.65, -3.81, 14.41, 0.01, 7.89, 2.03 ],
				"hull": 12,
				"edges": [ 0, 2, 2, 4, 4, 6, 6, 8, 8, 10, 10, 12, 12, 14, 14, 16, 16, 18, 18, 20, 20, 22, 0, 22, 24, 26 ],
				"width": 36,
				"height": 25
			}
		}
	}
},
"animations": {
	"blink": {
		"slots": {
			"eyelids closed": {
				"attachment": [
					{ "time": 0, "name": "eyelids closed" },
					{ "time": 0.0666, "name": null }
				]
			}
		},
		"bones": {
			"eyelids": {
				"scale": [
					{ "time": 0, "x": 1, "y": 1, "curve": "stepped" },
					{
						"time": 0.0666,
						"x": 1,
						"y": 0.894,
						"curve": [ 0.15, 0, 0.341, 1 ]
					},
					{ "time": 0.3333, "x": 1, "y": 1 }
				]
			}
		}
	},
	"main": {
		"bones": {
			"hip": {
				"translate": [
					{
						"time": 0,
						"x": 0,
						"y": 0,
						"curve": [ 0.353, 0, 0.635, 1 ]
					},
					{
						"time": 1,
						"x": 0,
						"y": 13.42,
						"curve": [ 0.353, 0, 0.635, 1 ]
					},
					{ "time": 2, "x": 0, "y": 0 }
				],
				"scale": [
					{
						"time": 0,
						"x": 1,
						"y": 1,
						"curve": [ 0.353, 0, 0.635, 1 ]
					},
					{
						"time": 1,
						"x": 1,
						"y": 1.02,
						"curve": [ 0.353, 0, 0.635, 1 ]
					},
					{ "time": 2, "x": 1, "y": 1 }
				],
				"shear": [
					{
						"time": 0,
						"x": 0,
						"y": 0,
						"curve": [ 0.25, 0, 0.583, 1 ]
					},
					{
						"time": 1.0333,
						"x": -1.76,
						"y": 0,
						"curve": [ 0.25, 0, 0.583, 1 ]
					},
					{ "time": 2, "x": 0, "y": 0 }
				]
			},
			"femurR": {
				"rotate": [
					{
						"time": 0,
						"angle": 0,
						"curve": [ 0.353, 0, 0.635, 1 ]
					},
					{
						"time": 1,
						"angle": 4.88,
						"curve": [ 0.353, 0, 0.635, 1 ]
					},
					{ "time": 2, "angle": 0 }
				],
				"translate": [
					{
						"time": 0,
						"x": 0,
						"y": 0,
						"curve": [ 0.353, 0, 0.635, 1 ]
					},
					{
						"time": 1,
						"x": -2.37,
						"y": 1.21,
						"curve": [ 0.353, 0, 0.635, 1 ]
					},
					{ "time": 2, "x": 0, "y": 0 }
				],
				"scale": [
					{
						"time": 0,
						"x": 1,
						"y": 1,
						"curve": [ 0.542, 0, 0.482, 1 ]
					},
					{
						"time": 1.0333,
						"x": 0.982,
						"y": 1.046,
						"curve": [ 0.542, 0, 0.482, 1 ]
					},
					{ "time": 2, "x": 1, "y": 1 }
				]
			},
			"tibiaR": {
				"rotate": [
					{
						"time": 0,
						"angle": 2.93,
						"curve": [ 0.316, 0.54, 0.642, 1 ]
					},
					{ "time": 0.3333, "angle": 0 },
					{
						"time": 1.5,
						"angle": 8.61,
						"curve": [ 0.357, 0, 0.672, 0.55 ]
					},
					{ "time": 2, "angle": 2.93 }
				],
				"shear": [
					{
						"time": 0,
						"x": 0,
						"y": 0,
						"curve": [ 0.429, 0, 0.452, 1 ]
					},
					{
						"time": 1.1666,
						"x": 6.16,
						"y": 6.93,
						"curve": [ 0.429, 0, 0.452, 1 ]
					},
					{ "time": 2, "x": 0, "y": 0 }
				]
			},
			"femurL": {
				"rotate": [
					{
						"time": 0,
						"angle": 0,
						"curve": [ 0.542, 0, 0.482, 1 ]
					},
					{
						"time": 1,
						"angle": -11.11,
						"curve": [ 0.353, 0, 0.635, 1 ]
					},
					{ "time": 2, "angle": 0 }
				],
				"shear": [
					{
						"time": 0,
						"x": 0,
						"y": 0,
						"curve": [ 0.25, 0, 0.75, 1 ]
					},
					{
						"time": 0.9333,
						"x": 0,
						"y": -3.14,
						"curve": [ 0.25, 0, 0.75, 1 ]
					},
					{ "time": 2, "x": 0, "y": 0 }
				]
			},
			"tibiaL": {
				"rotate": [
					{
						"time": 0,
						"angle": 3.48,
						"curve": [ 0.375, 0.5, 0.75, 1 ]
					},
					{
						"time": 0.5,
						"angle": 10.23,
						"curve": [ 0.389, 0.4, 0.56, 1 ]
					},
					{
						"time": 1.5,
						"angle": -3.26,
						"curve": [ 0.25, 0, 0.625, 0.5 ]
					},
					{ "time": 2, "angle": 3.48 }
				],
				"shear": [
					{
						"time": 0,
						"x": 0,
						"y": 0,
						"curve": [ 0.25, 0, 0.442, 1 ]
					},
					{
						"time": 0.6,
						"x": 0,
						"y": -3.74,
						"curve": [ 0.25, 0, 0.442, 1 ]
					},
					{
						"time": 1.4,
						"x": 0,
						"y": 3.77,
						"curve": [ 0.25, 0, 0.442, 1 ]
					},
					{ "time": 2, "x": 0, "y": 0 }
				]
			},
			"lumbar": {
				"rotate": [
					{
						"time": 0,
						"angle": 0,
						"curve": [ 0.353, 0, 0.635, 1 ]
					},
					{
						"time": 1,
						"angle": 0.11,
						"curve": [ 0.353, 0, 0.635, 1 ]
					},
					{ "time": 2, "angle": 0 }
				],
				"translate": [
					{
						"time": 0,
						"x": 0,
						"y": 0,
						"curve": [ 0.353, 0, 0.635, 1 ]
					},
					{
						"time": 1,
						"x": 2.48,
						"y": 0.23,
						"curve": [ 0.353, 0, 0.635, 1 ]
					},
					{ "time": 2, "x": 0, "y": 0 }
				]
			},
			"thorax": {
				"rotate": [
					{
						"time": 0,
						"angle": 0.95,
						"curve": [ 0.317, 0.57, 0.645, 1 ]
					},
					{ "time": 0.3333, "angle": 0 },
					{
						"time": 1.3333,
						"angle": 3.86,
						"curve": [ 0.358, 0, 0.668, 0.6 ]
					},
					{ "time": 2, "angle": 0.95 }
				],
				"translate": [
					{
						"time": 0,
						"x": 0,
						"y": 0,
						"curve": [ 0.353, 0, 0.635, 1 ]
					},
					{
						"time": 1,
						"x": 2.95,
						"y": -0.65,
						"curve": [ 0.353, 0, 0.635, 1 ]
					},
					{ "time": 2, "x": 0, "y": 0 }
				]
			},
			"humerusR": {
				"rotate": [
					{
						"time": 0,
						"angle": -3.46,
						"curve": [ 0.353, 0, 0.635, 1 ]
					},
					{
						"time": 0.8666,
						"angle": 7.59,
						"curve": [ 0.353, 0, 0.635, 1 ]
					},
					{ "time": 2, "angle": -3.46 }
				],
				"translate": [
					{
						"time": 0,
						"x": 0,
						"y": 0,
						"curve": [ 0.542, 0, 0.482, 1 ]
					},
					{
						"time": 0.9666,
						"x": -1.08,
						"y": -1.53,
						"curve": [ 0.542, 0, 0.482, 1 ]
					},
					{ "time": 2, "x": 0, "y": 0 }
				],
				"shear": [
					{
						"time": 0,
						"x": 0,
						"y": 0,
						"curve": [ 0.25, 0, 0.59, 1 ]
					},
					{
						"time": 0.9666,
						"x": 0,
						"y": 2.87,
						"curve": [ 0.25, 0, 0.59, 1 ]
					},
					{ "time": 2, "x": 0, "y": 0 }
				]
			},
			"radiusR": {
				"rotate": [
					{
						"time": 0,
						"angle": -4.64,
						"curve": [ 0.316, 0.54, 0.642, 1 ]
					},
					{
						"time": 0.3333,
						"angle": -9.49,
						"curve": [ 0.353, 0, 0.635, 1 ]
					},
					{
						"time": 1.5,
						"angle": 4.71,
						"curve": [ 0.357, 0, 0.672, 0.55 ]
					},
					{ "time": 2, "angle": -4.64 }
				]
			},
			"humerusL": {
				"rotate": [
					{
						"time": 0,
						"angle": 0,
						"curve": [ 0.353, 0, 0.635, 1 ]
					},
					{
						"time": 0.9,
						"angle": 17.78,
						"curve": [ 0.353, 0, 0.635, 1 ]
					},
					{ "time": 2, "angle": 0 }
				],
				"translate": [
					{
						"time": 0,
						"x": 0,
						"y": 0,
						"curve": [ 0.353, 0, 0.635, 1 ]
					},
					{
						"time": 0.9,
						"x": 0.04,
						"y": 0.95,
						"curve": [ 0.353, 0, 0.635, 1 ]
					},
					{ "time": 2, "x": 0, "y": 0 }
				]
			},
			"radiusL": {
				"rotate": [
					{
						"time": 0,
						"angle": 2.91,
						"curve": [ 0.317, 0.57, 0.646, 1 ]
					},
					{ "time": 0.2333, "angle": 0 },
					{
						"time": 0.6666,
						"angle": -5.94,
						"curve": [ 0.319, 0.46, 0.636, 1 ]
					},
					{
						"time": 1.5,
						"angle": 12.84,
						"curve": [ 0.358, 0, 0.667, 0.61 ]
					},
					{ "time": 2, "angle": 2.91 }
				],
				"translate": [
					{
						"time": 0,
						"x": 0,
						"y": 0,
						"curve": [ 0.25, 0, 0.75, 1 ]
					},
					{
						"time": 1,
						"x": -5.09,
						"y": -2.47,
						"curve": [ 0.25, 0, 0.75, 1 ]
					},
					{ "time": 2, "x": 0, "y": 0 }
				],
				"shear": [
					{
						"time": 0,
						"x": 0,
						"y": 0,
						"curve": [ 0.25, 0, 0.487, 1 ]
					},
					{
						"time": 0.9666,
						"x": 0,
						"y": 3.38,
						"curve": [ 0.25, 0, 0.487, 1 ]
					},
					{ "time": 2, "x": 0, "y": 0 }
				]
			},
			"head": {
				"translate": [
					{
						"time": 0,
						"x": 2.99,
						"y": 0.95,
						"curve": [ 0.353, 0, 0.635, 1 ]
					},
					{
						"time": 1,
						"x": 0,
						"y": 0,
						"curve": [ 0.353, 0, 0.635, 1 ]
					},
					{ "time": 2, "x": 2.99, "y": 0.95 }
				],
				"scale": [
					{
						"time": 0,
						"x": 1,
						"y": 1,
						"curve": [ 0.353, 0, 0.655, 1 ]
					},
					{
						"time": 1,
						"x": 1.006,
						"y": 0.98,
						"curve": [ 0.353, 0, 0.655, 1 ]
					},
					{ "time": 2, "x": 1, "y": 1 }
				]
			},
			"rr": {
				"rotate": [
					{
						"time": 0,
						"angle": 0,
						"curve": [ 0.79, 0, 0.524, 1 ]
					},
					{
						"time": 1.1666,
						"angle": 51.39,
						"curve": [ 0.79, 0, 0.635, 1 ]
					},
					{ "time": 2, "angle": 0 }
				]
			},
			"strap anchor": {
				"translate": [
					{
						"time": 0,
						"x": 0,
						"y": 0,
						"curve": [ 0.353, 0, 0.655, 1 ]
					},
					{
						"time": 1,
						"x": 1.54,
						"y": -0.49,
						"curve": [ 0.353, 0, 0.655, 1 ]
					},
					{ "time": 2, "x": 0, "y": 0 }
				],
				"scale": [
					{
						"time": 0,
						"x": 1,
						"y": 1,
						"curve": [ 0.542, 0, 0.482, 1 ]
					},
					{
						"time": 1,
						"x": 0.97,
						"y": 1,
						"curve": [ 0.542, 0, 0.482, 1 ]
					},
					{ "time": 2, "x": 1, "y": 1 }
				]
			},
			"strap tie": {
				"translate": [
					{
						"time": 0,
						"x": 0,
						"y": 0,
						"curve": [ 0.353, 0, 0.635, 1 ]
					},
					{
						"time": 1,
						"x": 0.39,
						"y": 0.59,
						"curve": [ 0.353, 0, 0.635, 1 ]
					},
					{ "time": 2, "x": 0, "y": 0 }
				]
			},
			"arrowY": {
				"translate": [
					{
						"time": 0,
						"x": 0,
						"y": 0,
						"curve": [ 0.347, 0, 0.677, 0.4 ]
					},
					{
						"time": 0.3333,
						"x": 5.25,
						"y": 6.22,
						"curve": [ 0.328, 0.33, 0.633, 1 ]
					},
					{
						"time": 1.3333,
						"x": -17.78,
						"y": -21.05,
						"curve": [ 0.2, 0, 0.289, 1 ]
					},
					{ "time": 2, "x": 0, "y": 0 }
				]
			},
			"arrowX": {
				"translate": [
					{
						"time": 0,
						"x": 0,
						"y": 0,
						"curve": [ 0.347, 0, 0.677, 0.4 ]
					},
					{
						"time": 0.3333,
						"x": 8.76,
						"y": -0.72,
						"curve": [ 0.328, 0.33, 0.633, 1 ]
					},
					{
						"time": 1.3333,
						"x": -23.36,
						"y": 1.91,
						"curve": [ 0.2, 0, 0.289, 1 ]
					},
					{ "time": 2, "x": 0, "y": 0 }
				]
			},
			"hairR1": {
				"rotate": [
					{
						"time": 0,
						"angle": 0,
						"curve": [ 0.223, 0.33, 0.635, 1 ]
					},
					{
						"time": 0.3333,
						"angle": 4.4,
						"curve": [ 0.353, 0, 0.635, 1 ]
					},
					{
						"time": 0.6666,
						"angle": 355.25,
						"curve": [ 0.353, 0, 0.635, 1 ]
					},
					{
						"time": 1.2,
						"angle": 4.4,
						"curve": [ 0.353, 0, 0.635, 1 ]
					},
					{
						"time": 1.5,
						"angle": 358.55,
						"curve": [ 0.353, 0, 0.635, 1 ]
					},
					{
						"time": 1.7333,
						"angle": 353.9,
						"curve": [ 0.353, 0, 0.825, 0.73 ]
					},
					{ "time": 2, "angle": 0 }
				],
				"scale": [
					{
						"time": 0,
						"x": 1,
						"y": 1,
						"curve": [ 0.353, 0, 0.655, 1 ]
					},
					{
						"time": 0.6,
						"x": 1,
						"y": 1.119,
						"curve": [ 0.353, 0, 0.655, 1 ]
					},
					{
						"time": 1,
						"x": 1,
						"y": 1,
						"curve": [ 0.353, 0, 0.655, 1 ]
					},
					{
						"time": 1.6,
						"x": 1,
						"y": 1.119,
						"curve": [ 0.353, 0, 0.655, 1 ]
					},
					{ "time": 2, "x": 1, "y": 1 }
				]
			},
			"hairM": {
				"rotate": [
					{
						"time": 0,
						"angle": -2.48,
						"curve": [ 0.235, 0.51, 0.483, 1 ]
					},
					{ "time": 0.4666, "angle": 0 },
					{
						"time": 1.4666,
						"angle": -5.52,
						"curve": [ 0.542, 0, 0.764, 0.51 ]
					},
					{ "time": 2, "angle": -2.48 }
				]
			},
			"hairMR": {
				"rotate": [
					{
						"time": 0,
						"angle": 0,
						"curve": [ 0.353, 0, 0.655, 1 ]
					},
					{
						"time": 0.5,
						"angle": -4.64,
						"curve": [ 0.353, 0, 0.655, 1 ]
					},
					{
						"time": 1,
						"angle": 4.36,
						"curve": [ 0.353, 0, 0.655, 1 ]
					},
					{
						"time": 1.5,
						"angle": -8.58,
						"curve": [ 0.353, 0, 0.655, 1 ]
					},
					{ "time": 2, "angle": 0 }
				]
			},
			"hairML": {
				"rotate": [
					{
						"time": 0,
						"angle": 0,
						"curve": [ 0.266, 0.3, 0.75, 1 ]
					},
					{
						"time": 0.6666,
						"angle": 1.52,
						"curve": [ 0.25, 0, 0.75, 1 ]
					},
					{
						"time": 1.3333,
						"angle": -11.95,
						"curve": [ 0.25, 0, 0.794, 0.75 ]
					},
					{ "time": 2, "angle": 0 }
				],
				"shear": [
					{ "time": 0, "x": 0, "y": 0 },
					{ "time": 1.2, "x": 5.99, "y": 0 },
					{ "time": 2, "x": 0, "y": 0 }
				]
			},
			"hairL1": {
				"rotate": [
					{
						"time": 0,
						"angle": 0,
						"curve": [ 0.25, 0, 0.75, 1 ]
					},
					{
						"time": 1.1666,
						"angle": -8.18,
						"curve": [ 0.25, 0, 0.75, 1 ]
					},
					{ "time": 2, "angle": 0 }
				]
			},
			"hairL2": {
				"rotate": [
					{
						"time": 0,
						"angle": 0,
						"curve": [ 0.353, 0, 0.655, 1 ]
					},
					{
						"time": 0.5,
						"angle": -4.71,
						"curve": [ 0.353, 0, 0.655, 1 ]
					},
					{
						"time": 1,
						"angle": -0.28,
						"curve": [ 0.353, 0, 0.655, 1 ]
					},
					{
						"time": 1.5,
						"angle": -6.78,
						"curve": [ 0.353, 0, 0.655, 1 ]
					},
					{ "time": 2, "angle": 0 }
				],
				"scale": [
					{
						"time": 0,
						"x": 1,
						"y": 1.03,
						"curve": [ 0.327, 0.5, 0.653, 1 ]
					},
					{ "time": 0.5, "x": 1, "y": 1 },
					{
						"time": 1.5,
						"x": 1,
						"y": 1.06,
						"curve": [ 0.35, 0, 0.676, 0.5 ]
					},
					{ "time": 2, "x": 1, "y": 1.03 }
				]
			},
			"hairR2": {
				"rotate": [
					{
						"time": 0,
						"angle": 0,
						"curve": [ 0.353, 0, 0.655, 1 ]
					},
					{
						"time": 1,
						"angle": 1.75,
						"curve": [ 0.353, 0, 0.655, 1 ]
					},
					{ "time": 2, "angle": 0 }
				],
				"scale": [
					{
						"time": 0,
						"x": 1.003,
						"y": 1.016,
						"curve": [ 0.233, 0.54, 0.506, 1 ]
					},
					{ "time": 0.4, "x": 1, "y": 1 },
					{
						"time": 1.4,
						"x": 1.01,
						"y": 1.05,
						"curve": [ 0.56, 0, 0.747, 0.55 ]
					},
					{ "time": 2, "x": 1.003, "y": 1.016 }
				]
			},
			"hairR2 2": {
				"rotate": [
					{
						"time": 0,
						"angle": 0,
						"curve": [ 0.353, 0, 0.655, 1 ]
					},
					{
						"time": 0.3,
						"angle": 13.76,
						"curve": [ 0.353, 0, 0.655, 1 ]
					},
					{
						"time": 0.8666,
						"angle": 3.94,
						"curve": [ 0.353, 0, 0.655, 1 ]
					},
					{
						"time": 1.5,
						"angle": 13.76,
						"curve": [ 0.353, 0, 0.655, 1 ]
					},
					{ "time": 2, "angle": 0 }
				],
				"shear": [
					{ "time": 0, "x": 0, "y": 0 },
					{ "time": 1.0666, "x": 9.12, "y": 0 },
					{ "time": 2, "x": 0, "y": 0 }
				]
			},
			"eyelids": {
				"translate": [
					{ "time": 0, "x": 0, "y": 0 },
					{ "time": 1, "x": -0.97, "y": -0.13 },
					{ "time": 2, "x": 0, "y": 0 }
				]
			},
			"mouth": {
				"translate": [
					{
						"time": 0,
						"x": 0,
						"y": 0,
						"curve": [ 0.25, 0, 0.75, 1 ]
					},
					{
						"time": 1,
						"x": -1.18,
						"y": 0.01,
						"curve": [ 0.25, 0, 0.75, 1 ]
					},
					{ "time": 2, "x": 0, "y": 0 }
				]
			},
			"mouth opening": {
				"translate": [
					{
						"time": 0,
						"x": 0,
						"y": 0,
						"curve": [ 0.353, 0, 0.655, 1 ]
					},
					{
						"time": 1,
						"x": 0,
						"y": -0.64,
						"curve": [ 0.353, 0, 0.655, 1 ]
					},
					{ "time": 2, "x": 0, "y": 0 }
				],
				"scale": [
					{
						"time": 0,
						"x": 1,
						"y": 1,
						"curve": [ 0.353, 0, 0.655, 1 ]
					},
					{
						"time": 1,
						"x": 0.847,
						"y": 0.958,
						"curve": [ 0.353, 0, 0.655, 1 ]
					},
					{ "time": 2, "x": 1, "y": 1 }
				]
			},
			"browR": {
				"translate": [
					{
						"time": 0,
						"x": 0,
						"y": 0,
						"curve": [ 0.353, 0, 0.655, 1 ]
					},
					{
						"time": 1,
						"x": 0.12,
						"y": -4.71,
						"curve": [ 0.353, 0, 0.655, 1 ]
					},
					{ "time": 2, "x": 0, "y": 0 }
				]
			},
			"browL": {
				"translate": [
					{
						"time": 0,
						"x": 0,
						"y": 0,
						"curve": [ 0.353, 0, 0.655, 1 ]
					},
					{
						"time": 1,
						"x": -2.35,
						"y": 4.93,
						"curve": [ 0.353, 0, 0.655, 1 ]
					},
					{ "time": 2, "x": 0, "y": 0 }
				]
			},
			"hairSide": {
				"rotate": [
					{
						"time": 0,
						"angle": 0,
						"curve": [ 0.227, 0.29, 0.655, 1 ]
					},
					{
						"time": 0.2333,
						"angle": -7.55,
						"curve": [ 0.353, 0, 0.655, 1 ]
					},
					{
						"time": 0.8666,
						"angle": 10.25,
						"curve": [ 0.353, 0, 0.655, 1 ]
					},
					{
						"time": 1.3666,
						"angle": -7.46,
						"curve": [ 0.353, 0, 0.655, 1 ]
					},
					{
						"time": 1.7666,
						"angle": 8.26,
						"curve": [ 0.353, 0, 0.817, 0.56 ]
					},
					{ "time": 2, "angle": 0 }
				],
				"scale": [
					{ "time": 0, "x": 1, "y": 1 },
					{ "time": 0.5, "x": 1.059, "y": 0.925 },
					{ "time": 1, "x": 1.004, "y": 0.95 },
					{ "time": 1.5, "x": 1.059, "y": 0.925 },
					{ "time": 2, "x": 1, "y": 1 }
				],
				"shear": [
					{ "time": 0, "x": 0, "y": 0 },
					{ "time": 1.2, "x": 5, "y": -5.19 },
					{ "time": 2, "x": 0, "y": 0 }
				]
			},
			"thumbL": {
				"rotate": [
					{
						"time": 0,
						"angle": 0,
						"curve": [ 0.542, 0, 0.482, 1 ]
					},
					{
						"time": 0.5333,
						"angle": 21.4,
						"curve": [ 0.542, 0, 0.482, 1 ]
					},
					{
						"time": 1.3666,
						"angle": -22.39,
						"curve": [ 0.353, 0, 0.655, 1 ]
					},
					{ "time": 2, "angle": 0 }
				],
				"translate": [
					{
						"time": 0,
						"x": 0,
						"y": 0,
						"curve": [ 0.353, 0, 0.655, 1 ]
					},
					{
						"time": 1,
						"x": 4.53,
						"y": -3.02,
						"curve": [ 0.353, 0, 0.655, 1 ]
					},
					{ "time": 2, "x": 0, "y": 0 }
				]
			},
			"indexL": {
				"rotate": [
					{
						"time": 0,
						"angle": 3.22,
						"curve": [ 0.326, 0.53, 0.654, 1 ]
					},
					{ "time": 0.3333, "angle": 0 },
					{
						"time": 0.9,
						"angle": -9.85,
						"curve": [ 0.353, 0, 0.655, 1 ]
					},
					{
						"time": 1.5333,
						"angle": 8.52,
						"curve": [ 0.352, 0, 0.675, 0.54 ]
					},
					{ "time": 2, "angle": 3.22 }
				],
				"translate": [
					{
						"time": 0,
						"x": -0.9,
						"y": -0.8,
						"curve": [ 0.382, 0.57, 0.735, 1 ]
					},
					{ "time": 0.3666, "x": 0, "y": 0 },
					{
						"time": 1.2666,
						"x": -3.2,
						"y": -2.85,
						"curve": [ 0.243, 0, 0.648, 0.6 ]
					},
					{ "time": 2, "x": -0.9, "y": -0.8 }
				],
				"shear": [
					{ "time": 0, "x": 0, "y": 0 },
					{ "time": 1.4, "x": -2.26, "y": -8.67 },
					{ "time": 2, "x": 0, "y": 0 }
				]
			},
			"middleL": {
				"rotate": [
					{ "time": 0, "angle": 0, "curve": "stepped" },
					{ "time": 0.3333, "angle": 0 },
					{ "time": 0.7666, "angle": -13.31 },
					{ "time": 1.1666, "angle": -0.17 },
					{ "time": 2, "angle": 0 }
				],
				"translate": [
					{
						"time": 0,
						"x": 0,
						"y": 0,
						"curve": [ 0.251, 0, 0.623, 0.49 ]
					},
					{
						"time": 0.4333,
						"x": 0.16,
						"y": 2.38,
						"curve": [ 0.373, 0.49, 0.751, 1 ]
					},
					{
						"time": 1.4666,
						"x": -2.49,
						"y": -5.66,
						"curve": [ 0.25, 0, 0.75, 1 ]
					},
					{ "time": 2, "x": 0, "y": 0 }
				]
			},
			"ringL": {
				"rotate": [
					{ "time": 0, "angle": -20.61, "curve": "stepped" },
					{
						"time": 0.4666,
						"angle": -20.61,
						"curve": [ 0.25, 0, 0.75, 1 ]
					},
					{
						"time": 0.8,
						"angle": -17.66,
						"curve": [ 0.251, 0, 0.623, 0.49 ]
					},
					{
						"time": 1.3666,
						"angle": 12.76,
						"curve": [ 0.373, 0.49, 0.75, 1 ]
					},
					{ "time": 2, "angle": -20.61 }
				],
				"translate": [
					{
						"time": 0,
						"x": -2.13,
						"y": -2.27,
						"curve": [ 0.382, 0.57, 0.735, 1 ]
					},
					{ "time": 0.3333, "x": 0, "y": 0 },
					{
						"time": 0.7666,
						"x": -1.19,
						"y": 0.27,
						"curve": [ 0.367, 0.46, 0.753, 1 ]
					},
					{
						"time": 1.3333,
						"x": -7.51,
						"y": -8.02,
						"curve": [ 0.243, 0, 0.648, 0.6 ]
					},
					{ "time": 2, "x": -2.13, "y": -2.27 }
				]
			},
			"pinkyL": {
				"rotate": [
					{
						"time": 0,
						"angle": 7.2,
						"curve": [ 0.326, 0.57, 0.656, 1 ]
					},
					{ "time": 0.3333, "angle": 0 },
					{
						"time": 1.1,
						"angle": -20.2,
						"curve": [ 0.25, 0, 0.75, 1 ]
					},
					{
						"time": 1.5666,
						"angle": 27.64,
						"curve": [ 0.353, 0, 0.672, 0.6 ]
					},
					{ "time": 2, "angle": 7.2 }
				],
				"translate": [
					{
						"time": 0,
						"x": -4.47,
						"y": -1.73,
						"curve": [ 0.378, 0.52, 0.746, 1 ]
					},
					{ "time": 0.3333, "x": 0, "y": 0 },
					{
						"time": 0.8333,
						"x": 0.78,
						"y": 0.49,
						"curve": [ 0.361, 0.44, 0.755, 1 ]
					},
					{
						"time": 1.6,
						"x": -10.16,
						"y": -3.94,
						"curve": [ 0.247, 0, 0.629, 0.52 ]
					},
					{ "time": 2, "x": -4.47, "y": -1.73 }
				],
				"scale": [
					{
						"time": 0,
						"x": 0.969,
						"y": 0.993,
						"curve": [ 0.382, 0.57, 0.735, 1 ]
					},
					{ "time": 0.3333, "x": 1, "y": 1 },
					{
						"time": 1.3333,
						"x": 0.892,
						"y": 0.976,
						"curve": [ 0.243, 0, 0.648, 0.6 ]
					},
					{ "time": 2, "x": 0.969, "y": 0.993 }
				],
				"shear": [
					{ "time": 0, "x": 0, "y": 0 },
					{ "time": 0.8666, "x": -8.46, "y": 0 },
					{ "time": 2, "x": 0, "y": 0 }
				]
			},
			"handL": {
				"rotate": [
					{
						"time": 0,
						"angle": 0,
						"curve": [ 0.25, 0, 0.75, 1 ]
					},
					{
						"time": 0.6666,
						"angle": -13.99,
						"curve": [ 0.25, 0, 0.75, 1 ]
					},
					{
						"time": 1.4666,
						"angle": -1.75,
						"curve": [ 0.25, 0, 0.75, 1 ]
					},
					{ "time": 2, "angle": 0 }
				],
				"translate": [
					{
						"time": 0,
						"x": 0,
						"y": 0,
						"curve": [ 0.25, 0, 0.75, 1 ]
					},
					{
						"time": 1,
						"x": -2.94,
						"y": -3.59,
						"curve": [ 0.25, 0, 0.75, 1 ]
					},
					{ "time": 2, "x": 0, "y": 0 }
				],
				"scale": [
					{
						"time": 0,
						"x": 1,
						"y": 1,
						"curve": [ 0.353, 0, 0.655, 1 ]
					},
					{
						"time": 1,
						"x": 1.079,
						"y": 1.079,
						"curve": [ 0.353, 0, 0.655, 1 ]
					},
					{ "time": 2, "x": 1, "y": 1 }
				]
			},
			"thumbR": {
				"rotate": [
					{
						"time": 0,
						"angle": 0,
						"curve": [ 0.348, 0, 0.676, 0.44 ]
					},
					{
						"time": 0.7666,
						"angle": 14.27,
						"curve": [ 0.334, 0.32, 0.667, 0.66 ]
					},
					{
						"time": 1.1666,
						"angle": 12.05,
						"curve": [ 0.353, 0, 0.655, 1 ]
					},
					{ "time": 2, "angle": 0 }
				],
				"translate": [
					{
						"time": 0,
						"x": 0,
						"y": 0,
						"curve": [ 0.35, 0, 0.676, 0.5 ]
					},
					{
						"time": 0.5,
						"x": 2.17,
						"y": 1.11,
						"curve": [ 0.332, 0.36, 0.663, 0.73 ]
					},
					{
						"time": 0.7666,
						"x": -4.4,
						"y": 4.26,
						"curve": [ 0.326, 0.6, 0.658, 1 ]
					},
					{
						"time": 1,
						"x": -6.85,
						"y": 2.43,
						"curve": [ 0.35, 0, 0.676, 0.5 ]
					},
					{
						"time": 1.5,
						"x": -0.15,
						"y": 2.83,
						"curve": [ 0.327, 0.5, 0.653, 1 ]
					},
					{ "time": 2, "x": 0, "y": 0 }
				]
			},
			"indexR": {
				"rotate": [
					{
						"time": 0,
						"angle": 0,
						"curve": [ 0.353, 0, 0.655, 1 ]
					},
					{
						"time": 1,
						"angle": 5.32,
						"curve": [ 0.353, 0, 0.655, 1 ]
					},
					{ "time": 2, "angle": 0 }
				],
				"translate": [
					{
						"time": 0,
						"x": 0,
						"y": 0,
						"curve": [ 0.349, 0, 0.676, 0.46 ]
					},
					{
						"time": 0.4333,
						"x": 2.73,
						"y": 5.71,
						"curve": [ 0.329, 0.46, 0.652, 1 ]
					},
					{
						"time": 1,
						"x": 2.75,
						"y": 13.12,
						"curve": [ 0.353, 0, 0.655, 1 ]
					},
					{ "time": 2, "x": 0, "y": 0 }
				]
			},
			"middleR": {
				"rotate": [
					{
						"time": 0,
						"angle": 0,
						"curve": [ 0.353, 0, 0.655, 1 ]
					},
					{
						"time": 1,
						"angle": 11.8,
						"curve": [ 0.353, 0, 0.655, 1 ]
					},
					{ "time": 2, "angle": 0 }
				],
				"translate": [
					{
						"time": 0,
						"x": 0,
						"y": 0,
						"curve": [ 0.35, 0, 0.676, 0.5 ]
					},
					{
						"time": 0.5,
						"x": 5.17,
						"y": -0.78,
						"curve": [ 0.327, 0.5, 0.653, 1 ]
					},
					{
						"time": 1,
						"x": 7.99,
						"y": 5.3,
						"curve": [ 0.353, 0, 0.655, 1 ]
					},
					{
						"time": 1.5,
						"x": 5.17,
						"y": -0.78,
						"curve": [ 0.327, 0.5, 0.653, 1 ]
					},
					{ "time": 2, "x": 0, "y": 0 }
				]
			},
			"ringR": {
				"rotate": [
					{
						"time": 0,
						"angle": 0,
						"curve": [ 0.353, 0, 0.655, 1 ]
					},
					{
						"time": 1,
						"angle": 11.72,
						"curve": [ 0.353, 0, 0.655, 1 ]
					},
					{ "time": 2, "angle": 0 }
				],
				"translate": [
					{
						"time": 0,
						"x": 0,
						"y": 0,
						"curve": [ 0.35, 0, 0.676, 0.5 ]
					},
					{
						"time": 0.5,
						"x": 4.21,
						"y": -1.67,
						"curve": [ 0.327, 0.5, 0.653, 1 ]
					},
					{
						"time": 1,
						"x": 9.2,
						"y": 1.03,
						"curve": [ 0.353, 0, 0.655, 1 ]
					},
					{
						"time": 1.5,
						"x": 4.21,
						"y": -1.67,
						"curve": [ 0.327, 0.5, 0.653, 1 ]
					},
					{ "time": 2, "x": 0, "y": 0 }
				]
			},
			"footL": {
				"rotate": [
					{
						"time": 0,
						"angle": -2.11,
						"curve": [ 0.328, 0.47, 0.652, 1 ]
					},
					{
						"time": 0.6,
						"angle": 6.05,
						"curve": [ 0.353, 0, 0.655, 1 ]
					},
					{
						"time": 1.5,
						"angle": -8.19,
						"curve": [ 0.349, 0, 0.676, 0.47 ]
					},
					{ "time": 2, "angle": -2.11 }
				]
			},
			"pinkyR": {
				"rotate": [
					{
						"time": 0,
						"angle": 0,
						"curve": [ 0.353, 0, 0.655, 1 ]
					},
					{
						"time": 1.2666,
						"angle": -2.35,
						"curve": [ 0.353, 0, 0.655, 1 ]
					},
					{ "time": 2, "angle": 0 }
				],
				"translate": [
					{
						"time": 0,
						"x": 0,
						"y": 0,
						"curve": [ 0.353, 0, 0.672, 0.6 ]
					},
					{
						"time": 0.6666,
						"x": -0.04,
						"y": -9.92,
						"curve": [ 0.326, 0.57, 0.656, 1 ]
					},
					{
						"time": 1.2666,
						"x": 3.35,
						"y": -10.54,
						"curve": [ 0.353, 0, 0.655, 1 ]
					},
					{ "time": 2, "x": 0, "y": 0 }
				]
			},
			"handR": {
				"rotate": [
					{
						"time": 0,
						"angle": 0,
						"curve": [ 0.79, 0, 0.635, 1 ]
					},
					{
						"time": 1,
						"angle": -4.18,
						"curve": [ 0.79, 0, 0.635, 1 ]
					},
					{ "time": 2, "angle": 0 }
				]
			},
			"pony1 1": {
				"rotate": [
					{
						"time": 0,
						"angle": 0,
						"curve": [ 0.353, 0, 0.655, 1 ]
					},
					{
						"time": 1,
						"angle": -12.37,
						"curve": [ 0.353, 0, 0.655, 1 ]
					},
					{ "time": 2, "angle": 0 }
				]
			},
			"pony1 2": {
				"rotate": [
					{
						"time": 0,
						"angle": 4.41,
						"curve": [ 0.326, 0.54, 0.654, 1 ]
					},
					{
						"time": 0.4,
						"angle": 10.29,
						"curve": [ 0.353, 0, 0.655, 1 ]
					},
					{
						"time": 1.4,
						"angle": -6.34,
						"curve": [ 0.352, 0, 0.674, 0.55 ]
					},
					{ "time": 2, "angle": 4.41 }
				]
			},
			"pony1 3R": {
				"rotate": [
					{
						"time": 0,
						"angle": -7.59,
						"curve": [ 0.6, 0.28, 0.534, 1 ]
					},
					{
						"time": 0.6666,
						"angle": 12.45,
						"curve": [ 0.79, 0, 0.635, 1 ]
					},
					{
						"time": 1.8333,
						"angle": -8.13,
						"curve": [ 0.424, 0, 0.747, 0.38 ]
					},
					{ "time": 2, "angle": -7.59 }
				],
				"shear": [
					{ "time": 0, "x": 0, "y": 0 },
					{ "time": 1.2, "x": 0, "y": -10.63 },
					{ "time": 2, "x": 0, "y": 0 }
				]
			},
			"pony1 3L": {
				"rotate": [
					{
						"time": 0,
						"angle": -0.17,
						"curve": [ 0.245, 0.48, 0.463, 1 ]
					},
					{
						"time": 0.5666,
						"angle": 10.98,
						"curve": [ 0.79, 0, 0.635, 1 ]
					},
					{
						"time": 1.5,
						"angle": -8.13,
						"curve": [ 0.521, 0, 0.772, 0.48 ]
					},
					{ "time": 2, "angle": -0.17 }
				],
				"shear": [
					{ "time": 0, "x": 0, "y": 0 },
					{ "time": 1.3, "x": 0, "y": 12.73 },
					{ "time": 2, "x": 0, "y": 0 }
				]
			},
			"pony2 1": {
				"rotate": [
					{
						"time": 0,
						"angle": -8.23,
						"curve": [ 0.337, 0.31, 0.652, 1 ]
					},
					{ "time": 0.7666, "angle": 0 },
					{
						"time": 1.7666,
						"angle": -9.51,
						"curve": [ 0.343, 0, 0.674, 0.39 ]
					},
					{ "time": 2, "angle": -8.23 }
				]
			},
			"pony2 2": {
				"rotate": [
					{
						"time": 0,
						"angle": -16.39,
						"curve": [ 0.346, 0, 0.676, 0.42 ]
					},
					{
						"time": 0.3333,
						"angle": -11.16,
						"curve": [ 0.332, 0.4, 0.652, 1 ]
					},
					{
						"time": 1,
						"angle": -7.45,
						"curve": [ 0.353, 0, 0.655, 1 ]
					},
					{ "time": 2, "angle": -16.39 }
				]
			},
			"pony2 3R": {
				"rotate": [
					{
						"time": 0,
						"angle": -11.29,
						"curve": [ 0.542, 0, 0.482, 1 ]
					},
					{
						"time": 0.8666,
						"angle": -6.62,
						"curve": [ 0.542, 0, 0.482, 1 ]
					},
					{ "time": 2, "angle": -11.29 }
				]
			},
			"pony2 3L": {
				"rotate": [
					{
						"time": 0,
						"angle": -10.97,
						"curve": [ 0.471, 0.19, 0.438, 1 ]
					},
					{
						"time": 0.6666,
						"angle": 0,
						"curve": [ 0.542, 0, 0.482, 1 ]
					},
					{
						"time": 1.6666,
						"angle": -13.5,
						"curve": [ 0.542, 0, 0.482, 1 ]
					},
					{ "time": 2, "angle": -10.97 }
				]
			},
			"irisR": {
				"translate": [
					{
						"time": 0,
						"x": 0,
						"y": 0,
						"curve": [ 0.25, 0, 0.75, 1 ]
					},
					{
						"time": 1,
						"x": 0.26,
						"y": -1.35,
						"curve": [ 0.25, 0, 0.75, 1 ]
					},
					{ "time": 2, "x": 0, "y": 0 }
				]
			},
			"irisL": {
				"translate": [
					{
						"time": 0,
						"x": 0,
						"y": 0,
						"curve": [ 0.25, 0, 0.75, 1 ]
					},
					{
						"time": 1,
						"x": 0.31,
						"y": -2.38,
						"curve": [ 0.25, 0, 0.75, 1 ]
					},
					{ "time": 2, "x": 0, "y": 0 }
				]
			},
			"hairL2 2": {
				"rotate": [
					{
						"time": 0,
						"angle": 0,
						"curve": [ 0.25, 0, 0.75, 1 ]
					},
					{
						"time": 0.7666,
						"angle": -7.98,
						"curve": [ 0.25, 0, 0.75, 1 ]
					},
					{
						"time": 1.2,
						"angle": -0.55,
						"curve": [ 0.25, 0, 0.75, 1 ]
					},
					{
						"time": 1.5333,
						"angle": -9.16,
						"curve": [ 0.25, 0, 0.75, 1 ]
					},
					{ "time": 2, "angle": 0 }
				],
				"shear": [
					{ "time": 0, "x": 0, "y": 0 },
					{ "time": 1, "x": 8.26, "y": 0 },
					{ "time": 2, "x": 0, "y": 0 }
				]
			}
		},
		"deform": {
			"default": {
				"armL": {
					"armL": [
						{ "time": 0, "curve": "stepped" },
						{
							"time": 0.9,
							"curve": [ 0.353, 0, 0.655, 1 ]
						},
						{
							"time": 1.2666,
							"offset": 28,
							"vertices": [ -1.51086, 0.7194, -1.20222, -0.99176, -1.74438, -0.55032, -1.74438, -0.55032, -5.4474, -2.71472, -6.01333, -5.1203, -6.01333, -5.1203, -8.01959, 2.93899, -6.01333, -5.1203, -6.01333, -5.1203, -6.01333, -5.1203, -8.01959, 2.93899, -6.01333, -5.1203, -3.22636, -2.41085, -3.92453, 0.90549, -2.31031, -2.9559, 0, 0, 0, 0, 0, 0, 0, 0, 0, 0, 0, 0, 0, 0, 0, 0, 0, 0, 0, 0, 0, 0, 0, 0, 0, 0, 0, 0, 0, 0, 0, 0, 0, 0, 0, 0, 0, 0, -3.92453, 0.90549, -2.31031, -2.9559, -6.81498, -7.15472, 0, 0, 0, 0, 0, 0, -8.95159, 4.12372, -7.38049, -5.44018, -4.89614, -4.35224 ],
							"curve": [ 0.353, 0, 0.655, 1 ]
						},
						{ "time": 2 }
					]
				},
				"armR": {
					"armR": [
						{
							"time": 0,
							"curve": [ 0.79, 0, 0.635, 1 ]
						},
						{
							"time": 1,
							"vertices": [ 3.29416, 7.54852, 7.38307, 4.59548, 3.10798, 4.21008, 3.70951, 3.69085, 2.18121, 3.09289, 2.62421, 2.72685, -3.07338, 1.39288, -2.82711, 1.84239, 0, 0, 0, 0, 0, 0, 0, 0, 0, 0, 0, 0, 0, 0, 0, 0, 0, 0, 0, 0, 0, 0, 0, 0, 0.41422, 0.03585, 0.41485, -0.02728, 0.41422, 0.03585, 0.41485, -0.02728, 0, 0, 0, 0, -2.70642, -0.02931, -7.84894, 0.7765, -6.89496, 4.14276, -6.60889, 5.26571, -3.56116, 5.85961, -1.18236, 5.82011, 3.62316, 4.25227, 2.36634, 3.31623, 2.84126, 2.91955, -0.40275, 1.8318, -0.12073, 1.8717, 0.78494, 0.48286, 0.84898, 0.35839, 0, 0, 0, 0, -2.54119, 3.44401, -0.37628, 0.85307, 0, 0, 1.28616, -0.30337, 1.22529, -0.4947 ],
							"curve": [ 0.79, 0, 0.635, 1 ]
						},
						{ "time": 2 }
					]
				},
				"bootR": {
					"bootR": [
						{
							"time": 0,
							"curve": [ 0.353, 0, 0.655, 1 ]
						},
						{
							"time": 0.8333,
							"offset": 2,
							"vertices": [ 5.22825, -1.73952, 4.71845, 0.22129, 5.62447, 6.47461, 1.50862, 7.97214, -4.4706, 2.31834, 0, 0, 0, 0, -4.4706, 2.31834, -4.4706, 2.31834, -4.4706, 2.31834, -4.4706, 2.31834 ],
							"curve": [ 0.353, 0, 0.655, 1 ]
						},
						{ "time": 2 }
					]
				},
				"hairM blob": {
					"hairM blob": [
						{
							"time": 0,
							"curve": [ 0.542, 0, 0.482, 1 ]
						},
						{
							"time": 1,
							"vertices": [ -1.08212, 8.65523, -1.11431, 7.52468, -2.24057, 6.26953, -3.82797, 5.99093, -3.91436, 7.22202, -2.67053, 9.04969, -1.38165, 9.20383 ],
							"curve": [ 0.542, 0, 0.482, 1 ]
						},
						{ "time": 2 }
					]
				},
				"hairM blobS": {
					"hairM blobS": [
						{
							"time": 0,
							"curve": [ 0.542, 0, 0.482, 1 ]
						},
						{
							"time": 1,
							"vertices": [ -5.04184, 4.96768, -4.67045, 7.01031, -4.93046, 10.27776, -5.3127, 10.78222, -5.59051, 8.83482, -5.32306, 5.60684 ],
							"curve": [ 0.542, 0, 0.482, 1 ]
						},
						{ "time": 2 }
					]
				},
				"hairSide": {
					"hairSide": [
						{ "time": 0 },
						{
							"time": 0.6,
							"vertices": [ -1.60583, 0.69799, -2.3974, 5.14581, 1.78112, 10.48461, -1.31721, -1.77716 ]
						},
						{ "time": 1.1 },
						{
							"time": 1.6666,
							"vertices": [ -1.60583, 0.69799, -2.3974, 5.14581, 1.78112, 10.48461, -1.31721, -1.77716 ]
						},
						{ "time": 2 }
					]
				},
				"indexL": {
					"indexL": [
						{ "time": 0, "curve": "stepped" },
						{
							"time": 0.3333,
							"curve": [ 0.35, 0, 0.676, 0.48 ]
						},
						{
							"time": 0.8,
							"vertices": [ 0.3316, -0.01168, 0.3316, -0.01168, 0.3316, -0.01168, 0.32022, -0.02302, 0, 0, 0, 0, 0, 0, 0.32022, -0.02302, 0.3316, -0.01168, 0.3316, -0.01168, 0.3316, -0.01168 ],
							"curve": [ 0.328, 0.48, 0.652, 1 ]
						},
						{
							"time": 1.2666,
							"vertices": [ -7.78268, -0.32069, -7.78268, -0.32069, -7.78268, -0.32069, -1.72647, -0.27644, 0, 0, 0, 0, 0, 0, -1.72647, -0.27644, -7.78268, -0.32069, -7.78268, -0.32069, -7.78268, -0.32069 ],
							"curve": [ 0.353, 0, 0.655, 1 ]
						},
						{ "time": 2 }
					]
				},
				"indexR": {
					"indexR": [
						{
							"time": 0,
							"curve": [ 0.353, 0, 0.655, 1 ]
						},
						{
							"time": 1,
							"vertices": [ -3.70743, 2.07255, -3.56297, 1.70497, -4.31731, -0.57101, -3.25647, -3.29185, -2.18936, -5.81704, 0.70666, -5.57202, 1.93817, -3.54266, 1.80318, 0.17359, 0.49382, -1.71757, 0.49382, -1.71757, 0, 0, 0, 0, -4.19105, 3.05998, -1.06692, -0.08682 ],
							"curve": [ 0.353, 0, 0.655, 1 ]
						},
						{ "time": 2 }
					]
				},
				"irisL flatspec": {
					"irisL flatspec": [
						{ "time": 0 },
						{
							"time": 0.5,
							"vertices": [ 0.61251, -0.47808, -0.34621, -0.26419, -0.95873, 0.21389 ]
						},
						{ "time": 1 },
						{
							"time": 1.5666,
							"vertices": [ 0.61251, -0.47808, -0.34621, -0.26419, -1.41388, 0.64572, 1.69758, 0.8432 ]
						},
						{ "time": 2 }
					]
				},
				"irisL spec": {
					"irisL spec": [
						{ "time": 0 },
						{
							"time": 0.5,
							"vertices": [ 2.6656, -1.34318, -0.62154, -1.43818, 2.1585, -0.04376, 3.15285, -1.17855 ]
						},
						{
							"time": 1,
							"vertices": [ 0.98534, -1.2969, -1.24309, -2.87637, -2.16038, -1.52056 ]
						},
						{
							"time": 1.5666,
							"vertices": [ 2.93274, 1.38347, 1.49109, -0.79592, -0.93616, -0.65891 ]
						},
						{ "time": 2 }
					]
				},
				"irisR flatspec": {
					"irisR flatspec": [
						{ "time": 0 },
						{
							"time": 0.4666,
							"offset": 2,
							"vertices": [ -1.70543, 0.46472, -1.25659, -0.32217, 1.71141, 0.20523 ]
						},
						{ "time": 0.9666 },
						{
							"time": 1.5666,
							"vertices": [ 0.42843, -0.47369, -1.27699, -0.00897, -1.25659, -0.32217, 1.71141, 0.20523 ]
						},
						{ "time": 2 }
					]
				},
				"irisR spec": {
					"irisR spec": [
						{ "time": 0 },
						{
							"time": 0.4,
							"vertices": [ 1.33019, 0.30987, -0.77219, -1.58123, -0.9354, -2.05615, -0.31694, 1.15225 ]
						},
						{
							"time": 0.9666,
							"vertices": [ -1.23871, -0.1724, -2.84217, 0.45324, 1.84366, 0.51276, 1.38389, 0.67143 ]
						},
						{
							"time": 1.5,
							"vertices": [ -0.55318, 2.56623, -1.37524, 0.21931, -0.9046, 0.64041, -1.50448, -0.12948 ]
						},
						{ "time": 2 }
					]
				},
				"middleL": {
					"middleL": [
						{
							"time": 0,
							"curve": [ 0.542, 0, 0.482, 1 ]
						},
						{
							"time": 0.7,
							"vertices": [ 1.875, -1.17946, 2.27199, -0.96693, 2.27367, -1.08019, -0.73205, -0.10649, 0, 0, 0, 0, 0, 0, -0.55562, -0.01207, 2.27367, -1.08019, 1.79737, -1.19242, 1.78679, -1.22669 ],
							"curve": [ 0.542, 0, 0.482, 1 ]
						},
						{
							"time": 1.3666,
							"vertices": [ -6.1622, -0.21533, -4.73236, 0.55014, -4.72631, 0.14221, -2.63659, -0.38357, 0, 0, 0, 0, 0, 0, -2.00115, -0.04347, -4.72631, 0.14221, -6.44177, -0.26199, -6.47988, -0.38543 ],
							"curve": [ 0.353, 0, 0.655, 1 ]
						},
						{ "time": 2 }
					]
				},
				"ringL": {
					"ringL": [
						{
							"time": 0,
							"curve": [ 0.542, 0, 0.482, 1 ]
						},
						{
							"time": 1.1333,
							"vertices": [ 2.29756, -2.1041, 2.29756, -2.1041, 2.29756, -2.1041, 0, 0, 0, 0, -0.61599, -0.2029 ],
							"curve": [ 0.542, 0, 0.482, 1 ]
						},
						{
							"time": 1.5333,
							"vertices": [ -3.41745, -0.94554, -3.41745, -0.94554, -3.41745, -0.94554, 0, 0, 0, 0, -1.24407, -0.40979 ],
							"curve": [ 0.542, 0, 0.482, 1 ]
						},
						{ "time": 2 }
					]
				},
				"thumbL": {
					"thumbL": [
						{ "time": 0, "curve": "stepped" },
						{
							"time": 0.4666,
							"curve": [ 0.353, 0, 0.655, 1 ]
						},
						{
							"time": 1.1666,
							"vertices": [ -2.29185, -3.98126, -0.23339, -3.13461, 0.49542, -1.60928, 1.06944, 0.67767, -0.11907, -0.5765, -0.11912, -0.57647, 0, 0, 0, 0, -1.80242, 1.16174, -2.50971, 0.70312, -3.87533, 0.49871, -4.51916, -1.38058, -4.28195, -2.70175, -3.59239, -3.16152, -3.25914, -3.82949, -1.17744, -0.89035, 0.37959, 0.01583 ],
							"curve": [ 0.353, 0, 0.655, 1 ]
						},
						{ "time": 2 }
					]
				},
				"thumbR": {
					"thumbR": [
						{
							"time": 0,
							"curve": [ 0.353, 0, 0.655, 1 ]
						},
						{
							"time": 1,
							"offset": 2,
							"vertices": [ 4.24297, 0.26622, 5.38371, 4.83061, 3.73976, 9.41351, -1.18714, 11.81196, -5.39822, 10.30255, -6.95536, 4.73573, -3.19516, -0.32293, -1.316, 0.11442, 0, 0, 0, 0, 0, 0, -0.93784, 2.97592 ],
							"curve": [ 0.353, 0, 0.655, 1 ]
						},
						{ "time": 2 }
					]
				}
			}
		}
	}
}
}