{
"skeleton": { "hash": "+jy97FaQm8tosWwFNGbQGD2+FlY", "spine": "3.4.02", "width": 1680, "height": 1782.27, "images": "./images/" },
"bones": [
	{ "name": "root", "y": -526.31 },
	{ "name": "leaves", "parent": "root", "x": -0.16, "y": 1310.1 },
	{ "name": "logo", "parent": "root", "y": 1332.02 },
	{ "name": "play", "parent": "root", "x": 3.02, "y": -83.61 },
	{ "name": "quit", "parent": "root", "x": -2.85, "y": -201.21 },
	{ "name": "settings", "parent": "root", "x": 3.02, "y": -144.37 }
],
"slots": [
	{ "name": "background", "bone": "root" },
	{ "name": "leaves", "bone": "leaves", "attachment": "leaves" },
	{ "name": "logo", "bone": "logo", "attachment": "logo" },
	{ "name": "play", "bone": "play", "color": "fff99dff", "attachment": "play" },
	{ "name": "quit", "bone": "quit", "color": "fff99dff", "attachment": "quit" },
	{ "name": "settings", "bone": "settings", "color": "fff99dff", "attachment": "settings" }
],
"skins": {
	"default": {
		"leaves": {
			"leaves": { "y": -28.54, "width": 1042, "height": 522 }
		},
		"logo": {
			"logo": { "y": -20.39, "width": 917, "height": 323 }
		},
		"play": {
			"play": { "width": 218, "height": 77 }
		},
		"quit": {
			"quit": { "width": 216, "height": 77 }
		},
		"settings": {
			"settings": { "width": 446, "height": 76 }
		}
	}
},
"animations": {
	"animation": {
		"slots": {
			"leaves": {
				"color": [
					{ "time": 0, "color": "ffffff00" },
					{ "time": 0.3333, "color": "ffffffff" }
				]
			},
			"logo": {
				"color": [
					{ "time": 0, "color": "ffffff00" },
					{ "time": 0.3333, "color": "ffffffff" }
				]
			},
			"play": {
				"color": [
					{ "time": 1.3333, "color": "fff99dff" },
					{ "time": 1.5666, "color": "ffffffff", "curve": "stepped" },
					{ "time": 1.8333, "color": "ffffffff" },
					{ "time": 2.0666, "color": "fff99dff" }
				]
			},
			"quit": {
				"color": [
					{ "time": 2.4, "color": "fff99dff" },
					{ "time": 2.6333, "color": "ffffffff" }
				]
			},
			"settings": {
				"color": [
					{ "time": 1.8666, "color": "fff99dff" },
					{ "time": 2.1, "color": "ffffffff", "curve": "stepped" },
					{ "time": 2.3666, "color": "ffffffff" },
					{ "time": 2.6, "color": "fff99dff" }
				]
			}
		},
		"bones": {
			"logo": {
				"translate": [
					{
						"time": 0,
						"x": 0,
						"y": 40.8,
						"curve": [ 0.043, 0.15, 0.344, 1.26 ]
					},
					{
						"time": 0.3333,
						"x": 0,
						"y": -597.71,
						"curve": [ 0.425, 0.17, 0.591, 0.99 ]
					},
					{
						"time": 1,
						"x": 0,
						"y": -583.71,
						"curve": [ 0.402, 0, 0.603, 1 ]
					},
					{
						"time": 1.6666,
						"x": 0,
						"y": -592.11,
						"curve": [ 0.408, 0.01, 0.655, 0.98 ]
					},
					{
						"time": 2.3333,
						"x": 0,
						"y": -583.71,
						"curve": [ 0.402, 0, 0.603, 0.99 ]
					},
					{
						"time": 3,
						"x": 0,
						"y": -592.11,
						"curve": [ 0.408, 0.01, 0.655, 0.98 ]
					},
					{ "time": 3.6666, "x": 0, "y": -583.71 }
				],
				"scale": [
					{
						"time": 0,
						"x": 0.342,
						"y": 0.342,
						"curve": [ 0, 0, 0.744, 0.4 ]
					},
					{
						"time": 0.3333,
						"x": 1,
						"y": 1,
						"curve": [ 0.189, 0.37, 0.658, 0.98 ]
					},
					{
						"time": 1,
						"x": 1.02,
						"y": 1.03,
						"curve": [ 0.37, 0, 0.66, 0.99 ]
					},
					{
						"time": 1.6666,
						"x": 1,
						"y": 1,
						"curve": [ 0.387, 0.01, 0.686, 1 ]
					},
					{
						"time": 2.3333,
						"x": 1.02,
						"y": 1.03,
						"curve": [ 0.37, 0, 0.66, 0.99 ]
					},
					{
						"time": 3,
						"x": 1,
						"y": 1,
						"curve": [ 0.387, 0.01, 0.686, 1 ]
					},
					{ "time": 3.6666, "x": 1.02, "y": 1.03 }
				]
			},
			"play": {
				"translate": [
					{ "time": 0, "x": 0, "y": 0, "curve": "stepped" },
					{
						"time": 0.6666,
						"x": 0,
						"y": 0,
						"curve": [ 0, 0, 0.448, 1.62 ]
					},
					{ "time": 0.8666, "x": 0, "y": 480.2 }
				],
				"scale": [
					{
						"time": 1.3333,
						"x": 1,
						"y": 1,
						"curve": [ 0, 0, 0.525, 2.46 ]
					},
					{ "time": 1.5666, "x": 1.231, "y": 1.231, "curve": "stepped" },
					{
						"time": 1.8333,
						"x": 1.231,
						"y": 1.231,
						"curve": [ 0, 0, 0.525, 2.46 ]
					},
					{ "time": 2.0666, "x": 1, "y": 1 }
				]
			},
			"settings": {
				"translate": [
					{
						"time": 0.8,
						"x": 0,
						"y": 0,
						"curve": [ 0, 0, 0.448, 1.62 ]
					},
					{ "time": 1, "x": 0, "y": 431.2 }
				],
				"scale": [
					{
						"time": 1.8666,
						"x": 1,
						"y": 1,
						"curve": [ 0, 0, 0.525, 2.46 ]
					},
					{ "time": 2.1, "x": 1.23, "y": 1.23, "curve": "stepped" },
					{
						"time": 2.3666,
						"x": 1.23,
						"y": 1.23,
						"curve": [ 0, 0, 0.525, 2.46 ]
					},
					{ "time": 2.6, "x": 1, "y": 1 }
				]
			},
			"quit": {
				"translate": [
					{
						"time": 0.9333,
						"x": 0,
						"y": 0,
						"curve": [ 0, 0, 0.448, 1.62 ]
					},
					{ "time": 1.1333, "x": 0, "y": 376.32 }
				],
				"scale": [
					{
						"time": 2.4,
						"x": 1,
						"y": 1,
						"curve": [ 0, 0, 0.525, 2.46 ]
					},
					{ "time": 2.6333, "x": 1.23, "y": 1.23 }
				]
			},
			"leaves": {
				"translate": [
					{
						"time": 0,
						"x": 0,
						"y": 0,
						"curve": [ 0.043, 0.15, 0.344, 1.26 ]
					},
					{
						"time": 0.3333,
						"x": 0.16,
						"y": -601.23,
						"curve": [ 0.425, 0.17, 0.591, 0.99 ]
					},
					{
						"time": 1.3333,
						"x": 0.16,
						"y": -580.83,
						"curve": [ 0.402, 0, 0.603, 1 ]
					},
					{ "time": 2, "x": 0.16, "y": -595.11 },
					{
						"time": 2.6666,
						"x": 0.16,
						"y": -580.83,
						"curve": [ 0.402, 0, 0.603, 1 ]
					},
					{ "time": 3.3333, "x": 0.16, "y": -595.11 }
				],
				"scale": [
					{
						"time": 0,
						"x": 0.34,
						"y": 0.34,
						"curve": [ 0, 0, 0.744, 0.4 ]
					},
					{ "time": 0.3333, "x": 1, "y": 1 },
					{ "time": 1.3333, "x": 1.03, "y": 1.02 },
					{ "time": 2, "x": 1, "y": 1 },
					{ "time": 2.6666, "x": 1.03, "y": 1.02 },
					{ "time": 3.3333, "x": 1, "y": 1 }
				]
			}
		}
	}
}
}